ID,Label
0,29
1,29
2,29
3,29
4,29
5,29
6,29
7,29
8,29
9,39
10,29
11,29
12,29
13,29
14,29
15,29
16,29
17,29
18,29
19,29
20,29
21,29
22,29
23,29
24,29
25,41
26,29
27,29
28,29
29,21
30,29
31,29
32,29
33,29
34,29
35,29
36,29
37,29
38,29
39,29
40,29
41,29
42,29
43,29
44,29
45,29
46,29
47,29
48,29
49,29
50,29
51,29
52,29
53,29
54,29
55,29
56,39
57,29
58,29
59,29
60,29
61,29
62,29
63,29
64,29
65,29
66,29
67,29
68,29
69,29
70,29
71,29
72,29
73,29
74,29
75,29
76,29
77,29
78,29
79,29
80,29
81,29
82,29
83,29
84,29
85,29
86,29
87,29
88,29
89,29
90,29
91,21
92,29
93,29
94,29
95,29
96,29
97,29
98,55
99,29
100,29
101,29
102,21
103,29
104,29
105,29
106,29
107,29
108,29
109,29
110,29
111,29
112,29
113,29
114,29
115,29
116,29
117,21
118,29
119,29
120,29
121,29
122,29
123,29
124,29
125,29
126,29
127,29
128,39
129,29
130,41
131,29
132,29
133,21
134,29
135,29
136,55
137,29
138,29
139,29
140,39
141,29
142,29
143,29
144,29
145,21
146,29
147,29
148,29
149,29
150,29
151,29
152,29
153,29
154,29
155,29
156,29
157,29
158,29
159,29
160,29
161,29
162,29
163,29
164,37
165,0
166,0
167,0
168,0
169,50
170,0
171,0
172,0
173,4
174,0
175,0
176,0
177,0
178,0
179,0
180,0
181,0
182,0
183,0
184,0
185,0
186,0
187,0
188,0
189,0
190,0
191,0
192,0
193,0
194,0
195,0
196,0
197,0
198,4
199,0
200,0
201,0
202,0
203,0
204,0
205,0
206,0
207,0
208,0
209,0
210,4
211,0
212,0
213,0
214,0
215,0
216,0
217,0
218,0
219,0
220,0
221,0
222,0
223,0
224,0
225,0
226,0
227,0
228,0
229,0
230,0
231,0
232,0
233,0
234,4
235,0
236,0
237,0
238,0
239,24
240,0
241,0
242,0
243,0
244,0
245,0
246,0
247,0
248,35
249,0
250,0
251,0
252,0
253,0
254,0
255,0
256,0
257,0
258,0
259,0
260,0
261,0
262,0
263,0
264,0
265,0
266,0
267,0
268,0
269,0
270,0
271,0
272,0
273,0
274,0
275,0
276,0
277,0
278,0
279,0
280,0
281,0
282,0
283,0
284,0
285,0
286,0
287,0
288,0
289,0
290,0
291,0
292,0
293,0
294,0
295,0
296,0
297,0
298,0
299,0
300,0
301,4
302,0
303,0
304,0
305,0
306,50
307,0
308,0
309,0
310,0
311,0
312,37
313,0
314,0
315,0
316,0
317,0
318,0
319,0
320,0
321,0
322,0
323,20
324,50
325,0
326,0
327,44
328,1
329,1
330,1
331,1
332,1
333,1
334,1
335,1
336,1
337,1
338,1
339,1
340,1
341,1
342,1
343,1
344,55
345,1
346,1
347,1
348,1
349,1
350,1
351,1
352,1
353,1
354,1
355,16
356,1
357,1
358,62
359,1
360,1
361,1
362,1
363,1
364,1
365,1
366,1
367,1
368,54
369,1
370,1
371,1
372,1
373,1
374,1
375,1
376,1
377,1
378,1
379,1
380,1
381,1
382,5
383,1
384,1
385,1
386,1
387,1
388,1
389,1
390,1
391,1
392,1
393,1
394,1
395,1
396,1
397,1
398,1
399,1
400,1
401,3
402,1
403,43
404,1
405,1
406,1
407,62
408,1
409,1
410,1
411,1
412,1
413,1
414,1
415,1
416,1
417,1
418,1
419,1
420,1
421,1
422,16
423,1
424,1
425,1
426,1
427,53
428,1
429,1
430,1
431,1
432,1
433,1
434,1
435,1
436,1
437,1
438,1
439,1
440,1
441,1
442,1
443,1
444,1
445,1
446,1
447,1
448,1
449,1
450,32
451,1
452,1
453,1
454,1
455,25
456,1
457,1
458,1
459,1
460,1
461,1
462,1
463,1
464,1
465,1
466,1
467,1
468,1
469,1
470,1
471,1
472,1
473,16
474,1
475,1
476,1
477,62
478,1
479,1
480,1
481,1
482,1
483,43
484,1
485,1
486,1
487,1
488,1
489,1
490,10
491,10
492,10
493,10
494,11
495,10
496,10
497,10
498,10
499,10
500,10
501,10
502,10
503,10
504,10
505,10
506,11
507,10
508,10
509,10
510,10
511,12
512,10
513,11
514,10
515,10
516,10
517,10
518,10
519,10
520,10
521,11
522,10
523,11
524,10
525,10
526,10
527,10
528,10
529,10
530,10
531,10
532,11
533,10
534,10
535,62
536,10
537,10
538,11
539,10
540,10
541,10
542,10
543,10
544,10
545,11
546,10
547,10
548,10
549,10
550,10
551,11
552,10
553,10
554,10
555,11
556,10
557,10
558,10
559,10
560,10
561,10
562,10
563,10
564,10
565,10
566,10
567,11
568,10
569,10
570,10
571,10
572,10
573,10
574,10
575,10
576,10
577,10
578,10
579,10
580,10
581,10
582,10
583,10
584,10
585,10
586,10
587,11
588,10
589,10
590,10
591,10
592,10
593,10
594,10
595,10
596,10
597,10
598,10
599,12
600,10
601,10
602,10
603,10
604,10
605,10
606,10
607,10
608,10
609,10
610,10
611,10
612,10
613,10
614,10
615,10
616,10
617,10
618,10
619,10
620,10
621,10
622,10
623,10
624,10
625,11
626,10
627,10
628,10
629,10
630,10
631,10
632,10
633,10
634,10
635,10
636,10
637,10
638,10
639,11
640,11
641,10
642,11
643,10
644,10
645,10
646,10
647,10
648,10
649,10
650,10
651,10
652,10
653,11
654,11
655,11
656,11
657,11
658,11
659,63
660,11
661,11
662,11
663,11
664,9
665,24
666,11
667,11
668,63
669,11
670,11
671,11
672,10
673,11
674,11
675,11
676,11
677,10
678,11
679,11
680,10
681,11
682,11
683,11
684,11
685,24
686,11
687,11
688,11
689,11
690,11
691,11
692,11
693,11
694,11
695,11
696,11
697,11
698,11
699,11
700,11
701,11
702,11
703,11
704,11
705,11
706,11
707,11
708,63
709,11
710,11
711,11
712,11
713,11
714,10
715,11
716,11
717,11
718,11
719,11
720,11
721,11
722,11
723,11
724,11
725,10
726,11
727,11
728,11
729,11
730,11
731,11
732,63
733,11
734,10
735,63
736,11
737,11
738,11
739,11
740,11
741,11
742,11
743,11
744,11
745,11
746,11
747,11
748,33
749,11
750,11
751,11
752,11
753,11
754,11
755,11
756,11
757,11
758,11
759,11
760,10
761,11
762,11
763,11
764,11
765,10
766,11
767,11
768,11
769,11
770,11
771,11
772,11
773,11
774,11
775,11
776,11
777,11
778,11
779,11
780,11
781,11
782,11
783,10
784,63
785,10
786,10
787,11
788,11
789,11
790,11
791,63
792,11
793,11
794,11
795,11
796,11
797,11
798,11
799,11
800,11
801,11
802,11
803,11
804,11
805,11
806,11
807,11
808,11
809,11
810,11
811,11
812,11
813,10
814,11
815,11
816,11
817,11
818,12
819,22
820,12
821,12
822,12
823,12
824,12
825,12
826,12
827,12
828,12
829,12
830,12
831,12
832,12
833,12
834,12
835,12
836,12
837,12
838,12
839,12
840,9
841,12
842,12
843,12
844,12
845,12
846,12
847,12
848,12
849,12
850,12
851,12
852,12
853,12
854,12
855,12
856,12
857,12
858,12
859,9
860,12
861,12
862,12
863,12
864,12
865,12
866,12
867,12
868,64
869,12
870,12
871,12
872,12
873,12
874,12
875,12
876,12
877,12
878,12
879,12
880,12
881,12
882,12
883,12
884,12
885,12
886,12
887,12
888,12
889,12
890,12
891,12
892,12
893,12
894,12
895,12
896,12
897,12
898,12
899,12
900,12
901,12
902,12
903,12
904,12
905,12
906,9
907,12
908,12
909,12
910,12
911,12
912,12
913,12
914,12
915,12
916,12
917,12
918,9
919,11
920,12
921,12
922,12
923,12
924,12
925,12
926,12
927,12
928,64
929,12
930,12
931,12
932,12
933,12
934,12
935,12
936,12
937,12
938,12
939,12
940,12
941,12
942,12
943,12
944,12
945,12
946,12
947,12
948,12
949,12
950,22
951,12
952,12
953,12
954,12
955,12
956,12
957,12
958,25
959,12
960,12
961,61
962,12
963,12
964,12
965,12
966,12
967,12
968,12
969,12
970,12
971,25
972,12
973,12
974,10
975,12
976,12
977,12
978,12
979,12
980,12
981,12
982,13
983,13
984,13
985,33
986,46
987,13
988,62
989,4
990,13
991,13
992,13
993,33
994,33
995,13
996,13
997,13
998,13
999,13
1000,13
1001,11
1002,46
1003,33
1004,11
1005,33
1006,33
1007,13
1008,13
1009,4
1010,13
1011,13
1012,13
1013,13
1014,33
1015,13
1016,33
1017,13
1018,46
1019,40
1020,28
1021,13
1022,40
1023,13
1024,13
1025,13
1026,13
1027,13
1028,32
1029,13
1030,37
1031,13
1032,13
1033,13
1034,33
1035,13
1036,13
1037,13
1038,13
1039,13
1040,13
1041,13
1042,33
1043,13
1044,13
1045,13
1046,33
1047,54
1048,13
1049,46
1050,46
1051,13
1052,13
1053,13
1054,33
1055,32
1056,13
1057,13
1058,13
1059,13
1060,13
1061,13
1062,52
1063,13
1064,46
1065,13
1066,13
1067,54
1068,13
1069,46
1070,13
1071,33
1072,20
1073,13
1074,13
1075,13
1076,13
1077,13
1078,33
1079,13
1080,13
1081,46
1082,13
1083,13
1084,33
1085,13
1086,13
1087,33
1088,13
1089,13
1090,54
1091,13
1092,33
1093,33
1094,20
1095,13
1096,13
1097,4
1098,13
1099,13
1100,13
1101,13
1102,13
1103,13
1104,13
1105,33
1106,13
1107,13
1108,13
1109,13
1110,13
1111,32
1112,13
1113,13
1114,13
1115,33
1116,13
1117,13
1118,13
1119,52
1120,33
1121,13
1122,33
1123,13
1124,13
1125,13
1126,33
1127,11
1128,52
1129,13
1130,13
1131,13
1132,13
1133,13
1134,13
1135,13
1136,13
1137,59
1138,46
1139,13
1140,28
1141,33
1142,13
1143,13
1144,13
1145,13
1146,47
1147,14
1148,31
1149,14
1150,14
1151,39
1152,14
1153,14
1154,31
1155,14
1156,14
1157,14
1158,14
1159,14
1160,9
1161,14
1162,14
1163,31
1164,9
1165,39
1166,14
1167,14
1168,14
1169,14
1170,34
1171,19
1172,14
1173,14
1174,31
1175,21
1176,31
1177,14
1178,14
1179,47
1180,14
1181,14
1182,47
1183,14
1184,47
1185,14
1186,34
1187,9
1188,47
1189,14
1190,39
1191,14
1192,34
1193,14
1194,14
1195,31
1196,14
1197,14
1198,14
1199,14
1200,14
1201,14
1202,14
1203,14
1204,14
1205,8
1206,60
1207,14
1208,14
1209,14
1210,31
1211,14
1212,14
1213,14
1214,14
1215,14
1216,47
1217,14
1218,14
1219,14
1220,14
1221,14
1222,14
1223,14
1224,14
1225,34
1226,14
1227,14
1228,47
1229,14
1230,9
1231,31
1232,14
1233,14
1234,14
1235,14
1236,14
1237,14
1238,31
1239,14
1240,14
1241,14
1242,14
1243,14
1244,14
1245,14
1246,14
1247,14
1248,14
1249,14
1250,14
1251,14
1252,14
1253,14
1254,14
1255,14
1256,14
1257,31
1258,14
1259,14
1260,31
1261,39
1262,14
1263,14
1264,14
1265,14
1266,14
1267,14
1268,14
1269,14
1270,31
1271,14
1272,18
1273,14
1274,31
1275,14
1276,14
1277,14
1278,9
1279,14
1280,14
1281,47
1282,14
1283,14
1284,14
1285,14
1286,14
1287,31
1288,14
1289,14
1290,14
1291,34
1292,31
1293,14
1294,14
1295,14
1296,14
1297,14
1298,60
1299,14
1300,39
1301,47
1302,14
1303,14
1304,47
1305,47
1306,14
1307,14
1308,47
1309,14
1310,15
1311,15
1312,15
1313,15
1314,15
1315,15
1316,15
1317,15
1318,15
1319,15
1320,15
1321,15
1322,15
1323,15
1324,18
1325,15
1326,15
1327,15
1328,15
1329,15
1330,15
1331,15
1332,15
1333,15
1334,15
1335,15
1336,15
1337,15
1338,15
1339,15
1340,15
1341,41
1342,18
1343,42
1344,15
1345,15
1346,15
1347,15
1348,15
1349,15
1350,15
1351,60
1352,15
1353,18
1354,15
1355,15
1356,15
1357,15
1358,15
1359,15
1360,15
1361,15
1362,15
1363,15
1364,16
1365,15
1366,15
1367,15
1368,45
1369,15
1370,15
1371,15
1372,35
1373,18
1374,15
1375,15
1376,15
1377,15
1378,15
1379,42
1380,15
1381,42
1382,15
1383,15
1384,60
1385,15
1386,15
1387,15
1388,18
1389,15
1390,15
1391,15
1392,15
1393,15
1394,15
1395,15
1396,42
1397,15
1398,15
1399,15
1400,15
1401,15
1402,15
1403,15
1404,42
1405,15
1406,14
1407,15
1408,15
1409,42
1410,15
1411,15
1412,15
1413,15
1414,15
1415,15
1416,15
1417,15
1418,15
1419,42
1420,15
1421,15
1422,15
1423,17
1424,15
1425,15
1426,15
1427,15
1428,42
1429,15
1430,15
1431,15
1432,15
1433,15
1434,39
1435,15
1436,15
1437,15
1438,15
1439,18
1440,15
1441,15
1442,15
1443,39
1444,15
1445,15
1446,42
1447,15
1448,15
1449,15
1450,18
1451,18
1452,15
1453,15
1454,15
1455,15
1456,15
1457,15
1458,15
1459,15
1460,15
1461,15
1462,15
1463,15
1464,15
1465,15
1466,15
1467,15
1468,15
1469,15
1470,15
1471,15
1472,16
1473,16
1474,16
1475,16
1476,16
1477,16
1478,16
1479,16
1480,16
1481,17
1482,16
1483,16
1484,16
1485,16
1486,16
1487,16
1488,16
1489,16
1490,16
1491,16
1492,16
1493,17
1494,16
1495,16
1496,16
1497,16
1498,16
1499,16
1500,18
1501,16
1502,16
1503,16
1504,16
1505,16
1506,16
1507,16
1508,17
1509,16
1510,40
1511,18
1512,16
1513,17
1514,16
1515,49
1516,16
1517,16
1518,16
1519,16
1520,16
1521,16
1522,17
1523,16
1524,16
1525,16
1526,17
1527,16
1528,16
1529,43
1530,16
1531,17
1532,16
1533,17
1534,16
1535,16
1536,16
1537,16
1538,16
1539,16
1540,16
1541,16
1542,16
1543,16
1544,16
1545,16
1546,16
1547,16
1548,17
1549,16
1550,16
1551,17
1552,16
1553,17
1554,16
1555,16
1556,16
1557,16
1558,16
1559,16
1560,16
1561,16
1562,17
1563,16
1564,16
1565,16
1566,16
1567,16
1568,16
1569,17
1570,43
1571,16
1572,16
1573,43
1574,17
1575,16
1576,16
1577,16
1578,16
1579,16
1580,16
1581,17
1582,43
1583,16
1584,16
1585,16
1586,43
1587,16
1588,16
1589,17
1590,17
1591,16
1592,16
1593,16
1594,16
1595,16
1596,16
1597,16
1598,16
1599,16
1600,16
1601,16
1602,16
1603,16
1604,17
1605,16
1606,16
1607,16
1608,16
1609,17
1610,16
1611,17
1612,16
1613,16
1614,16
1615,16
1616,17
1617,16
1618,16
1619,17
1620,16
1621,16
1622,17
1623,16
1624,16
1625,16
1626,16
1627,16
1628,16
1629,16
1630,16
1631,16
1632,16
1633,17
1634,17
1635,17
1636,17
1637,16
1638,17
1639,17
1640,17
1641,17
1642,17
1643,17
1644,17
1645,16
1646,17
1647,44
1648,16
1649,17
1650,17
1651,17
1652,17
1653,17
1654,17
1655,17
1656,17
1657,17
1658,17
1659,17
1660,17
1661,17
1662,17
1663,17
1664,17
1665,17
1666,17
1667,44
1668,17
1669,17
1670,17
1671,17
1672,16
1673,17
1674,17
1675,17
1676,17
1677,17
1678,17
1679,17
1680,16
1681,17
1682,17
1683,17
1684,17
1685,17
1686,4
1687,17
1688,17
1689,17
1690,17
1691,17
1692,17
1693,17
1694,17
1695,4
1696,17
1697,17
1698,17
1699,17
1700,17
1701,17
1702,17
1703,17
1704,17
1705,17
1706,44
1707,17
1708,17
1709,17
1710,17
1711,17
1712,17
1713,17
1714,17
1715,44
1716,40
1717,17
1718,17
1719,16
1720,17
1721,44
1722,17
1723,17
1724,44
1725,17
1726,17
1727,17
1728,17
1729,44
1730,17
1731,17
1732,17
1733,44
1734,17
1735,17
1736,16
1737,17
1738,17
1739,17
1740,17
1741,17
1742,44
1743,17
1744,17
1745,17
1746,17
1747,17
1748,17
1749,17
1750,17
1751,17
1752,17
1753,17
1754,17
1755,44
1756,17
1757,16
1758,17
1759,17
1760,17
1761,17
1762,17
1763,44
1764,17
1765,17
1766,44
1767,17
1768,17
1769,17
1770,16
1771,17
1772,17
1773,17
1774,17
1775,17
1776,16
1777,17
1778,17
1779,17
1780,44
1781,44
1782,17
1783,17
1784,17
1785,17
1786,17
1787,17
1788,17
1789,17
1790,17
1791,17
1792,17
1793,17
1794,17
1795,17
1796,18
1797,18
1798,18
1799,18
1800,18
1801,18
1802,18
1803,18
1804,18
1805,18
1806,15
1807,18
1808,18
1809,18
1810,18
1811,18
1812,18
1813,18
1814,18
1815,18
1816,15
1817,18
1818,15
1819,18
1820,18
1821,15
1822,18
1823,18
1824,18
1825,18
1826,18
1827,45
1828,18
1829,18
1830,58
1831,18
1832,38
1833,18
1834,15
1835,18
1836,18
1837,18
1838,45
1839,18
1840,18
1841,18
1842,42
1843,18
1844,18
1845,15
1846,18
1847,18
1848,18
1849,15
1850,18
1851,18
1852,18
1853,18
1854,18
1855,18
1856,18
1857,18
1858,18
1859,18
1860,18
1861,38
1862,18
1863,18
1864,18
1865,18
1866,18
1867,18
1868,18
1869,18
1870,18
1871,18
1872,18
1873,18
1874,18
1875,15
1876,18
1877,42
1878,45
1879,18
1880,18
1881,45
1882,16
1883,18
1884,18
1885,18
1886,18
1887,18
1888,18
1889,18
1890,18
1891,18
1892,18
1893,18
1894,18
1895,18
1896,18
1897,15
1898,18
1899,15
1900,18
1901,18
1902,18
1903,18
1904,18
1905,15
1906,18
1907,18
1908,18
1909,18
1910,18
1911,41
1912,18
1913,15
1914,18
1915,18
1916,15
1917,18
1918,18
1919,18
1920,18
1921,18
1922,18
1923,15
1924,15
1925,15
1926,45
1927,18
1928,39
1929,18
1930,18
1931,18
1932,18
1933,18
1934,15
1935,18
1936,18
1937,18
1938,18
1939,18
1940,18
1941,18
1942,18
1943,18
1944,41
1945,45
1946,18
1947,18
1948,18
1949,15
1950,18
1951,15
1952,18
1953,18
1954,18
1955,42
1956,16
1957,18
1958,18
1959,15
1960,19
1961,19
1962,19
1963,19
1964,19
1965,19
1966,19
1967,19
1968,19
1969,58
1970,19
1971,19
1972,19
1973,19
1974,19
1975,19
1976,19
1977,35
1978,19
1979,19
1980,19
1981,19
1982,19
1983,19
1984,19
1985,19
1986,19
1987,19
1988,19
1989,19
1990,19
1991,19
1992,19
1993,19
1994,19
1995,19
1996,19
1997,19
1998,19
1999,19
2000,19
2001,19
2002,19
2003,19
2004,19
2005,19
2006,19
2007,19
2008,39
2009,19
2010,19
2011,19
2012,19
2013,19
2014,19
2015,19
2016,19
2017,19
2018,19
2019,19
2020,19
2021,19
2022,19
2023,19
2024,60
2025,19
2026,19
2027,19
2028,19
2029,19
2030,19
2031,21
2032,19
2033,19
2034,19
2035,19
2036,19
2037,19
2038,19
2039,19
2040,19
2041,19
2042,19
2043,19
2044,19
2045,19
2046,19
2047,19
2048,35
2049,19
2050,19
2051,19
2052,19
2053,19
2054,19
2055,19
2056,35
2057,19
2058,19
2059,19
2060,19
2061,19
2062,19
2063,19
2064,19
2065,19
2066,19
2067,19
2068,58
2069,19
2070,19
2071,19
2072,19
2073,19
2074,19
2075,19
2076,19
2077,19
2078,19
2079,19
2080,19
2081,19
2082,19
2083,19
2084,19
2085,19
2086,35
2087,35
2088,19
2089,19
2090,19
2091,19
2092,19
2093,19
2094,19
2095,19
2096,19
2097,35
2098,19
2099,19
2100,19
2101,19
2102,19
2103,19
2104,19
2105,19
2106,19
2107,19
2108,19
2109,19
2110,19
2111,19
2112,19
2113,19
2114,19
2115,19
2116,19
2117,35
2118,19
2119,19
2120,19
2121,60
2122,2
2123,2
2124,2
2125,26
2126,52
2127,2
2128,2
2129,2
2130,2
2131,2
2132,28
2133,2
2134,2
2135,2
2136,26
2137,2
2138,2
2139,2
2140,2
2141,2
2142,2
2143,2
2144,2
2145,2
2146,26
2147,28
2148,2
2149,2
2150,2
2151,7
2152,2
2153,2
2154,2
2155,2
2156,35
2157,2
2158,2
2159,2
2160,2
2161,2
2162,2
2163,2
2164,2
2165,2
2166,2
2167,2
2168,2
2169,2
2170,2
2171,2
2172,2
2173,2
2174,26
2175,2
2176,2
2177,2
2178,2
2179,2
2180,2
2181,2
2182,2
2183,2
2184,28
2185,2
2186,2
2187,2
2188,2
2189,2
2190,2
2191,2
2192,2
2193,2
2194,2
2195,2
2196,2
2197,2
2198,60
2199,2
2200,2
2201,2
2202,2
2203,2
2204,2
2205,2
2206,2
2207,2
2208,2
2209,2
2210,2
2211,2
2212,2
2213,2
2214,2
2215,2
2216,2
2217,13
2218,2
2219,2
2220,2
2221,2
2222,2
2223,2
2224,2
2225,2
2226,2
2227,2
2228,2
2229,2
2230,2
2231,2
2232,2
2233,2
2234,14
2235,2
2236,2
2237,46
2238,2
2239,2
2240,2
2241,35
2242,2
2243,2
2244,28
2245,2
2246,2
2247,2
2248,2
2249,2
2250,2
2251,2
2252,2
2253,2
2254,2
2255,2
2256,2
2257,2
2258,2
2259,2
2260,2
2261,2
2262,2
2263,2
2264,2
2265,2
2266,2
2267,2
2268,2
2269,5
2270,2
2271,2
2272,2
2273,2
2274,2
2275,2
2276,2
2277,2
2278,2
2279,2
2280,2
2281,2
2282,2
2283,2
2284,2
2285,2
2286,5
2287,20
2288,20
2289,20
2290,20
2291,20
2292,20
2293,20
2294,6
2295,20
2296,20
2297,20
2298,20
2299,20
2300,36
2301,20
2302,20
2303,20
2304,23
2305,20
2306,20
2307,20
2308,20
2309,20
2310,20
2311,20
2312,20
2313,20
2314,20
2315,20
2316,20
2317,20
2318,20
2319,20
2320,20
2321,20
2322,20
2323,20
2324,20
2325,20
2326,20
2327,20
2328,20
2329,20
2330,20
2331,20
2332,20
2333,20
2334,20
2335,20
2336,20
2337,6
2338,20
2339,20
2340,20
2341,20
2342,20
2343,20
2344,20
2345,20
2346,20
2347,20
2348,20
2349,20
2350,20
2351,6
2352,20
2353,20
2354,20
2355,20
2356,20
2357,20
2358,20
2359,20
2360,20
2361,20
2362,20
2363,20
2364,20
2365,20
2366,20
2367,20
2368,20
2369,20
2370,20
2371,20
2372,50
2373,20
2374,20
2375,20
2376,20
2377,20
2378,20
2379,20
2380,20
2381,20
2382,20
2383,20
2384,20
2385,20
2386,20
2387,20
2388,20
2389,20
2390,20
2391,20
2392,20
2393,20
2394,20
2395,20
2396,20
2397,20
2398,52
2399,20
2400,20
2401,20
2402,20
2403,20
2404,20
2405,20
2406,20
2407,33
2408,20
2409,20
2410,20
2411,20
2412,20
2413,20
2414,20
2415,20
2416,20
2417,20
2418,20
2419,20
2420,20
2421,20
2422,20
2423,20
2424,20
2425,20
2426,20
2427,20
2428,20
2429,20
2430,20
2431,20
2432,5
2433,20
2434,20
2435,20
2436,20
2437,20
2438,20
2439,20
2440,20
2441,20
2442,20
2443,20
2444,20
2445,20
2446,20
2447,20
2448,20
2449,20
2450,21
2451,21
2452,21
2453,21
2454,21
2455,41
2456,21
2457,21
2458,21
2459,21
2460,21
2461,21
2462,21
2463,21
2464,21
2465,21
2466,21
2467,21
2468,21
2469,21
2470,21
2471,19
2472,21
2473,21
2474,21
2475,21
2476,21
2477,21
2478,35
2479,21
2480,21
2481,21
2482,21
2483,21
2484,21
2485,21
2486,21
2487,21
2488,21
2489,21
2490,21
2491,21
2492,21
2493,64
2494,21
2495,21
2496,21
2497,21
2498,21
2499,21
2500,21
2501,21
2502,21
2503,21
2504,21
2505,21
2506,21
2507,21
2508,21
2509,21
2510,21
2511,21
2512,21
2513,21
2514,21
2515,38
2516,21
2517,21
2518,21
2519,21
2520,21
2521,21
2522,21
2523,21
2524,21
2525,21
2526,21
2527,21
2528,21
2529,21
2530,21
2531,21
2532,21
2533,21
2534,21
2535,21
2536,21
2537,21
2538,21
2539,21
2540,21
2541,21
2542,21
2543,21
2544,21
2545,21
2546,21
2547,21
2548,21
2549,21
2550,21
2551,21
2552,21
2553,21
2554,21
2555,21
2556,21
2557,21
2558,21
2559,21
2560,21
2561,21
2562,21
2563,21
2564,21
2565,21
2566,21
2567,21
2568,21
2569,21
2570,21
2571,21
2572,21
2573,21
2574,21
2575,21
2576,21
2577,21
2578,21
2579,21
2580,21
2581,21
2582,21
2583,21
2584,21
2585,21
2586,21
2587,21
2588,21
2589,21
2590,21
2591,21
2592,21
2593,21
2594,21
2595,21
2596,21
2597,21
2598,21
2599,21
2600,21
2601,21
2602,21
2603,21
2604,21
2605,21
2606,21
2607,21
2608,21
2609,21
2610,21
2611,21
2612,22
2613,22
2614,22
2615,22
2616,22
2617,22
2618,22
2619,22
2620,22
2621,22
2622,22
2623,22
2624,22
2625,20
2626,22
2627,22
2628,22
2629,22
2630,22
2631,22
2632,22
2633,22
2634,22
2635,22
2636,22
2637,22
2638,22
2639,22
2640,22
2641,22
2642,22
2643,22
2644,22
2645,22
2646,22
2647,22
2648,22
2649,22
2650,22
2651,22
2652,22
2653,22
2654,22
2655,22
2656,22
2657,22
2658,22
2659,22
2660,22
2661,22
2662,9
2663,22
2664,22
2665,22
2666,22
2667,22
2668,22
2669,22
2670,22
2671,22
2672,22
2673,22
2674,22
2675,24
2676,22
2677,22
2678,22
2679,22
2680,22
2681,22
2682,22
2683,22
2684,22
2685,24
2686,22
2687,22
2688,22
2689,22
2690,22
2691,22
2692,22
2693,22
2694,22
2695,22
2696,22
2697,22
2698,22
2699,22
2700,22
2701,22
2702,64
2703,22
2704,22
2705,22
2706,22
2707,24
2708,22
2709,22
2710,22
2711,22
2712,22
2713,22
2714,22
2715,35
2716,22
2717,22
2718,22
2719,22
2720,22
2721,22
2722,22
2723,22
2724,22
2725,22
2726,22
2727,22
2728,22
2729,22
2730,22
2731,22
2732,22
2733,22
2734,22
2735,22
2736,22
2737,22
2738,22
2739,22
2740,22
2741,22
2742,22
2743,22
2744,22
2745,22
2746,22
2747,22
2748,9
2749,22
2750,22
2751,22
2752,22
2753,22
2754,22
2755,22
2756,22
2757,22
2758,22
2759,22
2760,22
2761,22
2762,22
2763,48
2764,22
2765,22
2766,22
2767,22
2768,22
2769,22
2770,22
2771,22
2772,22
2773,22
2774,22
2775,22
2776,23
2777,23
2778,23
2779,23
2780,23
2781,23
2782,23
2783,23
2784,23
2785,25
2786,23
2787,23
2788,23
2789,23
2790,23
2791,23
2792,23
2793,23
2794,23
2795,23
2796,23
2797,23
2798,23
2799,23
2800,23
2801,23
2802,23
2803,23
2804,3
2805,23
2806,25
2807,23
2808,23
2809,23
2810,23
2811,23
2812,23
2813,23
2814,23
2815,23
2816,3
2817,23
2818,23
2819,23
2820,23
2821,23
2822,23
2823,23
2824,23
2825,23
2826,23
2827,23
2828,23
2829,23
2830,62
2831,23
2832,23
2833,23
2834,23
2835,23
2836,23
2837,23
2838,23
2839,23
2840,23
2841,25
2842,23
2843,23
2844,23
2845,23
2846,23
2847,23
2848,23
2849,23
2850,23
2851,23
2852,23
2853,23
2854,23
2855,23
2856,23
2857,23
2858,23
2859,25
2860,23
2861,3
2862,23
2863,23
2864,23
2865,23
2866,23
2867,23
2868,23
2869,23
2870,23
2871,23
2872,23
2873,23
2874,23
2875,23
2876,23
2877,23
2878,23
2879,23
2880,23
2881,23
2882,23
2883,23
2884,23
2885,23
2886,23
2887,23
2888,23
2889,23
2890,23
2891,23
2892,23
2893,23
2894,23
2895,23
2896,23
2897,23
2898,23
2899,23
2900,3
2901,23
2902,23
2903,5
2904,23
2905,23
2906,25
2907,23
2908,23
2909,23
2910,23
2911,23
2912,23
2913,23
2914,23
2915,23
2916,23
2917,23
2918,23
2919,23
2920,23
2921,23
2922,23
2923,23
2924,25
2925,23
2926,23
2927,23
2928,23
2929,23
2930,23
2931,5
2932,23
2933,23
2934,23
2935,23
2936,23
2937,23
2938,23
2939,23
2940,24
2941,24
2942,24
2943,24
2944,24
2945,9
2946,24
2947,24
2948,24
2949,22
2950,24
2951,22
2952,24
2953,11
2954,24
2955,62
2956,24
2957,24
2958,24
2959,24
2960,11
2961,24
2962,24
2963,24
2964,24
2965,24
2966,24
2967,24
2968,24
2969,24
2970,24
2971,22
2972,22
2973,24
2974,24
2975,24
2976,22
2977,24
2978,24
2979,24
2980,24
2981,24
2982,24
2983,24
2984,24
2985,24
2986,24
2987,24
2988,24
2989,24
2990,22
2991,24
2992,24
2993,24
2994,24
2995,24
2996,10
2997,22
2998,24
2999,24
3000,24
3001,22
3002,24
3003,11
3004,24
3005,22
3006,24
3007,24
3008,24
3009,24
3010,10
3011,57
3012,24
3013,24
3014,24
3015,24
3016,24
3017,24
3018,24
3019,24
3020,24
3021,24
3022,24
3023,24
3024,22
3025,24
3026,24
3027,24
3028,22
3029,24
3030,24
3031,22
3032,10
3033,24
3034,24
3035,24
3036,24
3037,13
3038,24
3039,9
3040,24
3041,24
3042,24
3043,24
3044,24
3045,24
3046,24
3047,22
3048,11
3049,24
3050,24
3051,24
3052,24
3053,22
3054,24
3055,24
3056,24
3057,24
3058,24
3059,24
3060,24
3061,24
3062,24
3063,24
3064,24
3065,11
3066,24
3067,24
3068,24
3069,24
3070,24
3071,24
3072,24
3073,24
3074,24
3075,24
3076,24
3077,24
3078,24
3079,24
3080,11
3081,24
3082,24
3083,24
3084,24
3085,24
3086,24
3087,36
3088,22
3089,11
3090,24
3091,24
3092,24
3093,24
3094,24
3095,24
3096,24
3097,24
3098,24
3099,24
3100,24
3101,24
3102,24
3103,24
3104,25
3105,25
3106,25
3107,25
3108,25
3109,25
3110,25
3111,25
3112,25
3113,23
3114,25
3115,25
3116,25
3117,25
3118,25
3119,25
3120,25
3121,25
3122,25
3123,25
3124,25
3125,25
3126,25
3127,25
3128,25
3129,25
3130,25
3131,25
3132,25
3133,25
3134,25
3135,25
3136,25
3137,25
3138,25
3139,25
3140,23
3141,25
3142,25
3143,25
3144,25
3145,25
3146,25
3147,25
3148,25
3149,25
3150,25
3151,25
3152,25
3153,25
3154,25
3155,25
3156,25
3157,25
3158,25
3159,25
3160,25
3161,25
3162,25
3163,25
3164,25
3165,25
3166,25
3167,25
3168,25
3169,25
3170,25
3171,25
3172,25
3173,25
3174,25
3175,25
3176,25
3177,25
3178,25
3179,25
3180,25
3181,25
3182,25
3183,25
3184,25
3185,25
3186,25
3187,25
3188,25
3189,25
3190,25
3191,23
3192,25
3193,25
3194,25
3195,25
3196,25
3197,25
3198,25
3199,25
3200,25
3201,25
3202,25
3203,25
3204,25
3205,25
3206,25
3207,25
3208,25
3209,25
3210,25
3211,25
3212,25
3213,25
3214,25
3215,25
3216,25
3217,25
3218,25
3219,25
3220,25
3221,25
3222,25
3223,25
3224,25
3225,25
3226,25
3227,25
3228,25
3229,25
3230,25
3231,25
3232,20
3233,25
3234,25
3235,25
3236,25
3237,25
3238,25
3239,25
3240,25
3241,23
3242,25
3243,25
3244,25
3245,25
3246,25
3247,25
3248,25
3249,25
3250,25
3251,25
3252,25
3253,25
3254,25
3255,25
3256,25
3257,25
3258,25
3259,23
3260,25
3261,25
3262,25
3263,25
3264,25
3265,25
3266,25
3267,25
3268,2
3269,26
3270,2
3271,26
3272,26
3273,26
3274,26
3275,26
3276,26
3277,26
3278,26
3279,28
3280,26
3281,26
3282,26
3283,26
3284,26
3285,26
3286,14
3287,26
3288,26
3289,26
3290,26
3291,26
3292,26
3293,26
3294,26
3295,2
3296,26
3297,26
3298,26
3299,26
3300,26
3301,26
3302,26
3303,26
3304,26
3305,26
3306,26
3307,26
3308,26
3309,26
3310,26
3311,26
3312,26
3313,26
3314,2
3315,26
3316,26
3317,58
3318,26
3319,26
3320,26
3321,26
3322,26
3323,26
3324,26
3325,26
3326,2
3327,26
3328,26
3329,26
3330,26
3331,26
3332,26
3333,39
3334,26
3335,26
3336,26
3337,26
3338,26
3339,26
3340,26
3341,26
3342,26
3343,26
3344,26
3345,26
3346,26
3347,26
3348,26
3349,26
3350,26
3351,2
3352,26
3353,26
3354,26
3355,26
3356,26
3357,26
3358,26
3359,26
3360,26
3361,26
3362,26
3363,42
3364,2
3365,26
3366,26
3367,26
3368,26
3369,26
3370,26
3371,26
3372,26
3373,26
3374,26
3375,26
3376,26
3377,26
3378,26
3379,26
3380,14
3381,26
3382,26
3383,26
3384,26
3385,26
3386,26
3387,31
3388,26
3389,26
3390,26
3391,26
3392,26
3393,26
3394,26
3395,28
3396,26
3397,26
3398,26
3399,26
3400,26
3401,26
3402,26
3403,28
3404,26
3405,26
3406,26
3407,15
3408,26
3409,26
3410,26
3411,26
3412,26
3413,26
3414,26
3415,26
3416,26
3417,26
3418,26
3419,26
3420,26
3421,26
3422,26
3423,26
3424,26
3425,26
3426,22
3427,26
3428,26
3429,26
3430,26
3431,26
3432,27
3433,27
3434,27
3435,27
3436,27
3437,27
3438,27
3439,27
3440,27
3441,27
3442,27
3443,27
3444,27
3445,27
3446,27
3447,27
3448,27
3449,27
3450,27
3451,27
3452,27
3453,27
3454,27
3455,27
3456,27
3457,27
3458,1
3459,27
3460,27
3461,27
3462,27
3463,27
3464,27
3465,13
3466,27
3467,27
3468,27
3469,27
3470,27
3471,27
3472,27
3473,27
3474,27
3475,27
3476,27
3477,27
3478,27
3479,27
3480,27
3481,27
3482,27
3483,27
3484,27
3485,27
3486,27
3487,27
3488,27
3489,27
3490,27
3491,27
3492,27
3493,27
3494,27
3495,27
3496,27
3497,27
3498,27
3499,27
3500,27
3501,27
3502,27
3503,27
3504,27
3505,27
3506,27
3507,27
3508,27
3509,27
3510,27
3511,27
3512,27
3513,27
3514,27
3515,27
3516,27
3517,27
3518,27
3519,27
3520,27
3521,27
3522,27
3523,27
3524,27
3525,27
3526,27
3527,27
3528,27
3529,27
3530,53
3531,27
3532,27
3533,27
3534,27
3535,27
3536,27
3537,27
3538,27
3539,27
3540,27
3541,27
3542,27
3543,1
3544,27
3545,27
3546,27
3547,27
3548,27
3549,27
3550,27
3551,27
3552,27
3553,27
3554,27
3555,27
3556,27
3557,27
3558,27
3559,27
3560,27
3561,27
3562,27
3563,27
3564,27
3565,27
3566,27
3567,27
3568,27
3569,27
3570,27
3571,27
3572,49
3573,27
3574,27
3575,27
3576,27
3577,27
3578,27
3579,27
3580,27
3581,27
3582,27
3583,27
3584,1
3585,27
3586,27
3587,27
3588,27
3589,27
3590,27
3591,27
3592,27
3593,27
3594,27
3595,27
3596,28
3597,28
3598,13
3599,28
3600,2
3601,28
3602,40
3603,28
3604,28
3605,28
3606,28
3607,28
3608,28
3609,28
3610,28
3611,28
3612,28
3613,28
3614,28
3615,28
3616,28
3617,28
3618,28
3619,28
3620,28
3621,28
3622,28
3623,28
3624,28
3625,28
3626,28
3627,28
3628,28
3629,28
3630,28
3631,32
3632,28
3633,28
3634,28
3635,28
3636,28
3637,44
3638,28
3639,28
3640,28
3641,28
3642,28
3643,28
3644,28
3645,28
3646,28
3647,28
3648,28
3649,28
3650,28
3651,28
3652,28
3653,2
3654,28
3655,28
3656,28
3657,56
3658,28
3659,28
3660,28
3661,28
3662,28
3663,26
3664,28
3665,40
3666,28
3667,28
3668,28
3669,28
3670,28
3671,28
3672,28
3673,28
3674,28
3675,28
3676,28
3677,28
3678,28
3679,28
3680,28
3681,28
3682,28
3683,28
3684,28
3685,28
3686,28
3687,28
3688,28
3689,61
3690,28
3691,28
3692,28
3693,28
3694,28
3695,28
3696,28
3697,28
3698,28
3699,28
3700,28
3701,26
3702,28
3703,28
3704,28
3705,28
3706,28
3707,28
3708,2
3709,28
3710,28
3711,28
3712,28
3713,28
3714,28
3715,28
3716,28
3717,28
3718,28
3719,28
3720,28
3721,28
3722,28
3723,28
3724,28
3725,28
3726,28
3727,28
3728,28
3729,28
3730,28
3731,28
3732,28
3733,28
3734,28
3735,28
3736,28
3737,28
3738,28
3739,28
3740,28
3741,28
3742,28
3743,28
3744,28
3745,28
3746,56
3747,28
3748,28
3749,28
3750,28
3751,28
3752,28
3753,28
3754,28
3755,33
3756,61
3757,28
3758,28
3759,28
3760,3
3761,3
3762,3
3763,3
3764,3
3765,3
3766,3
3767,3
3768,3
3769,3
3770,3
3771,3
3772,3
3773,3
3774,3
3775,3
3776,3
3777,3
3778,3
3779,3
3780,3
3781,3
3782,3
3783,3
3784,3
3785,3
3786,3
3787,3
3788,3
3789,3
3790,3
3791,3
3792,36
3793,3
3794,3
3795,3
3796,3
3797,3
3798,3
3799,3
3800,3
3801,3
3802,3
3803,3
3804,3
3805,3
3806,3
3807,3
3808,3
3809,3
3810,3
3811,3
3812,3
3813,3
3814,3
3815,3
3816,3
3817,3
3818,3
3819,3
3820,36
3821,3
3822,3
3823,3
3824,3
3825,3
3826,3
3827,36
3828,3
3829,3
3830,3
3831,3
3832,3
3833,3
3834,3
3835,3
3836,3
3837,3
3838,3
3839,5
3840,3
3841,3
3842,3
3843,3
3844,3
3845,3
3846,3
3847,3
3848,3
3849,3
3850,3
3851,3
3852,3
3853,3
3854,3
3855,3
3856,3
3857,3
3858,3
3859,45
3860,3
3861,3
3862,3
3863,3
3864,3
3865,3
3866,3
3867,3
3868,3
3869,3
3870,3
3871,3
3872,3
3873,3
3874,3
3875,3
3876,3
3877,3
3878,3
3879,3
3880,3
3881,3
3882,3
3883,3
3884,3
3885,3
3886,3
3887,3
3888,3
3889,3
3890,3
3891,5
3892,3
3893,3
3894,3
3895,3
3896,36
3897,3
3898,3
3899,3
3900,36
3901,3
3902,3
3903,3
3904,23
3905,3
3906,3
3907,3
3908,3
3909,36
3910,3
3911,3
3912,3
3913,3
3914,3
3915,3
3916,3
3917,3
3918,3
3919,3
3920,3
3921,3
3922,3
3923,3
3924,30
3925,30
3926,30
3927,30
3928,30
3929,30
3930,30
3931,30
3932,30
3933,30
3934,30
3935,30
3936,30
3937,30
3938,30
3939,30
3940,30
3941,30
3942,30
3943,30
3944,30
3945,30
3946,30
3947,30
3948,30
3949,30
3950,30
3951,30
3952,30
3953,30
3954,30
3955,30
3956,30
3957,30
3958,30
3959,30
3960,30
3961,43
3962,30
3963,30
3964,30
3965,30
3966,30
3967,30
3968,30
3969,30
3970,30
3971,30
3972,30
3973,30
3974,30
3975,30
3976,30
3977,30
3978,30
3979,30
3980,30
3981,30
3982,30
3983,30
3984,30
3985,30
3986,30
3987,30
3988,30
3989,30
3990,30
3991,30
3992,30
3993,30
3994,30
3995,30
3996,30
3997,30
3998,30
3999,30
4000,30
4001,30
4002,30
4003,30
4004,30
4005,30
4006,30
4007,30
4008,30
4009,30
4010,30
4011,30
4012,30
4013,30
4014,30
4015,30
4016,30
4017,30
4018,30
4019,30
4020,30
4021,30
4022,30
4023,30
4024,30
4025,30
4026,30
4027,30
4028,30
4029,30
4030,30
4031,30
4032,30
4033,30
4034,30
4035,30
4036,30
4037,30
4038,30
4039,30
4040,30
4041,30
4042,30
4043,30
4044,30
4045,30
4046,30
4047,30
4048,30
4049,30
4050,30
4051,30
4052,30
4053,30
4054,30
4055,30
4056,30
4057,30
4058,30
4059,30
4060,30
4061,30
4062,30
4063,30
4064,30
4065,30
4066,30
4067,30
4068,30
4069,30
4070,30
4071,30
4072,30
4073,30
4074,30
4075,30
4076,30
4077,30
4078,30
4079,30
4080,30
4081,30
4082,30
4083,30
4084,30
4085,30
4086,30
4087,30
4088,31
4089,31
4090,31
4091,31
4092,31
4093,31
4094,31
4095,31
4096,31
4097,31
4098,14
4099,31
4100,31
4101,31
4102,31
4103,31
4104,31
4105,31
4106,31
4107,31
4108,31
4109,31
4110,31
4111,31
4112,31
4113,31
4114,31
4115,31
4116,31
4117,31
4118,31
4119,31
4120,14
4121,31
4122,31
4123,31
4124,14
4125,14
4126,31
4127,31
4128,31
4129,31
4130,31
4131,31
4132,31
4133,31
4134,31
4135,31
4136,31
4137,14
4138,31
4139,31
4140,31
4141,31
4142,31
4143,31
4144,31
4145,31
4146,31
4147,31
4148,31
4149,31
4150,31
4151,31
4152,31
4153,31
4154,14
4155,47
4156,31
4157,31
4158,31
4159,47
4160,31
4161,31
4162,31
4163,31
4164,31
4165,31
4166,31
4167,31
4168,31
4169,31
4170,31
4171,31
4172,31
4173,39
4174,31
4175,31
4176,31
4177,31
4178,31
4179,31
4180,31
4181,31
4182,31
4183,31
4184,46
4185,31
4186,31
4187,31
4188,31
4189,14
4190,31
4191,31
4192,31
4193,31
4194,31
4195,31
4196,31
4197,31
4198,31
4199,31
4200,31
4201,31
4202,31
4203,34
4204,31
4205,31
4206,31
4207,31
4208,31
4209,31
4210,31
4211,31
4212,31
4213,14
4214,47
4215,31
4216,31
4217,47
4218,31
4219,31
4220,14
4221,31
4222,31
4223,31
4224,31
4225,31
4226,31
4227,31
4228,31
4229,31
4230,31
4231,31
4232,31
4233,14
4234,31
4235,31
4236,31
4237,31
4238,31
4239,31
4240,31
4241,14
4242,31
4243,31
4244,31
4245,31
4246,31
4247,31
4248,31
4249,47
4250,31
4251,31
4252,32
4253,32
4254,32
4255,32
4256,32
4257,32
4258,32
4259,32
4260,32
4261,32
4262,32
4263,32
4264,32
4265,32
4266,32
4267,32
4268,32
4269,32
4270,32
4271,32
4272,32
4273,32
4274,32
4275,32
4276,32
4277,32
4278,32
4279,32
4280,32
4281,32
4282,32
4283,32
4284,32
4285,32
4286,32
4287,32
4288,32
4289,32
4290,32
4291,32
4292,55
4293,32
4294,32
4295,32
4296,32
4297,32
4298,32
4299,32
4300,32
4301,32
4302,32
4303,32
4304,32
4305,32
4306,32
4307,37
4308,32
4309,32
4310,32
4311,62
4312,32
4313,32
4314,32
4315,32
4316,32
4317,32
4318,32
4319,32
4320,32
4321,32
4322,32
4323,32
4324,32
4325,32
4326,32
4327,32
4328,32
4329,32
4330,32
4331,32
4332,32
4333,32
4334,32
4335,32
4336,32
4337,32
4338,32
4339,32
4340,32
4341,32
4342,32
4343,32
4344,32
4345,32
4346,32
4347,32
4348,32
4349,32
4350,32
4351,32
4352,32
4353,21
4354,32
4355,32
4356,32
4357,32
4358,32
4359,32
4360,32
4361,32
4362,32
4363,32
4364,32
4365,59
4366,32
4367,13
4368,32
4369,32
4370,32
4371,32
4372,32
4373,32
4374,32
4375,32
4376,32
4377,13
4378,32
4379,32
4380,32
4381,32
4382,32
4383,32
4384,32
4385,32
4386,32
4387,32
4388,32
4389,32
4390,32
4391,32
4392,32
4393,32
4394,32
4395,32
4396,32
4397,32
4398,32
4399,32
4400,32
4401,32
4402,32
4403,32
4404,13
4405,32
4406,32
4407,32
4408,32
4409,32
4410,32
4411,32
4412,32
4413,32
4414,32
4415,32
4416,33
4417,28
4418,33
4419,33
4420,33
4421,33
4422,33
4423,33
4424,33
4425,33
4426,33
4427,33
4428,33
4429,33
4430,33
4431,33
4432,33
4433,33
4434,33
4435,33
4436,33
4437,33
4438,46
4439,46
4440,33
4441,33
4442,33
4443,33
4444,33
4445,33
4446,33
4447,33
4448,33
4449,33
4450,33
4451,13
4452,33
4453,33
4454,33
4455,33
4456,33
4457,33
4458,33
4459,33
4460,13
4461,33
4462,33
4463,33
4464,46
4465,33
4466,33
4467,33
4468,33
4469,33
4470,33
4471,33
4472,33
4473,33
4474,13
4475,33
4476,33
4477,33
4478,46
4479,33
4480,33
4481,33
4482,33
4483,33
4484,33
4485,13
4486,33
4487,33
4488,33
4489,4
4490,33
4491,46
4492,33
4493,33
4494,33
4495,33
4496,33
4497,33
4498,33
4499,33
4500,33
4501,33
4502,33
4503,33
4504,13
4505,33
4506,33
4507,33
4508,33
4509,32
4510,33
4511,33
4512,13
4513,33
4514,33
4515,33
4516,33
4517,33
4518,33
4519,33
4520,20
4521,33
4522,33
4523,33
4524,33
4525,33
4526,33
4527,33
4528,33
4529,33
4530,33
4531,33
4532,33
4533,33
4534,33
4535,33
4536,33
4537,33
4538,33
4539,33
4540,33
4541,33
4542,33
4543,33
4544,33
4545,33
4546,33
4547,33
4548,32
4549,33
4550,33
4551,33
4552,33
4553,33
4554,33
4555,33
4556,13
4557,33
4558,33
4559,33
4560,33
4561,33
4562,33
4563,33
4564,33
4565,33
4566,10
4567,33
4568,33
4569,11
4570,32
4571,33
4572,33
4573,33
4574,33
4575,33
4576,33
4577,33
4578,33
4579,46
4580,34
4581,34
4582,34
4583,34
4584,34
4585,34
4586,34
4587,34
4588,34
4589,41
4590,34
4591,34
4592,34
4593,34
4594,34
4595,34
4596,34
4597,34
4598,34
4599,34
4600,34
4601,34
4602,34
4603,34
4604,34
4605,14
4606,34
4607,34
4608,34
4609,34
4610,34
4611,34
4612,34
4613,34
4614,34
4615,34
4616,34
4617,34
4618,34
4619,34
4620,34
4621,34
4622,34
4623,34
4624,14
4625,41
4626,34
4627,34
4628,34
4629,34
4630,34
4631,34
4632,34
4633,31
4634,34
4635,34
4636,34
4637,34
4638,34
4639,34
4640,34
4641,34
4642,34
4643,34
4644,34
4645,34
4646,34
4647,34
4648,34
4649,34
4650,34
4651,34
4652,34
4653,41
4654,34
4655,34
4656,34
4657,34
4658,34
4659,34
4660,34
4661,34
4662,34
4663,34
4664,34
4665,34
4666,34
4667,34
4668,34
4669,34
4670,34
4671,34
4672,34
4673,34
4674,34
4675,34
4676,34
4677,34
4678,34
4679,34
4680,34
4681,34
4682,34
4683,34
4684,34
4685,34
4686,34
4687,34
4688,34
4689,34
4690,34
4691,34
4692,34
4693,34
4694,34
4695,34
4696,34
4697,34
4698,34
4699,34
4700,34
4701,34
4702,34
4703,34
4704,34
4705,8
4706,34
4707,34
4708,31
4709,41
4710,34
4711,34
4712,34
4713,34
4714,34
4715,34
4716,14
4717,34
4718,34
4719,34
4720,64
4721,34
4722,34
4723,34
4724,34
4725,34
4726,34
4727,34
4728,34
4729,14
4730,34
4731,34
4732,34
4733,41
4734,34
4735,34
4736,34
4737,31
4738,34
4739,34
4740,34
4741,34
4742,34
4743,34
4744,35
4745,35
4746,52
4747,35
4748,35
4749,35
4750,35
4751,35
4752,35
4753,35
4754,35
4755,35
4756,35
4757,35
4758,35
4759,35
4760,35
4761,35
4762,35
4763,35
4764,15
4765,35
4766,35
4767,35
4768,35
4769,35
4770,35
4771,38
4772,58
4773,35
4774,35
4775,52
4776,35
4777,35
4778,35
4779,35
4780,38
4781,35
4782,35
4783,35
4784,35
4785,35
4786,48
4787,35
4788,52
4789,35
4790,35
4791,37
4792,35
4793,35
4794,35
4795,35
4796,35
4797,35
4798,35
4799,35
4800,35
4801,35
4802,35
4803,35
4804,35
4805,35
4806,35
4807,35
4808,35
4809,35
4810,35
4811,35
4812,35
4813,35
4814,35
4815,35
4816,35
4817,35
4818,35
4819,35
4820,35
4821,35
4822,48
4823,35
4824,35
4825,35
4826,35
4827,35
4828,35
4829,35
4830,35
4831,35
4832,35
4833,35
4834,35
4835,35
4836,35
4837,35
4838,35
4839,35
4840,35
4841,35
4842,35
4843,35
4844,35
4845,35
4846,35
4847,35
4848,35
4849,35
4850,35
4851,19
4852,35
4853,35
4854,35
4855,48
4856,35
4857,35
4858,35
4859,31
4860,35
4861,35
4862,35
4863,35
4864,35
4865,35
4866,35
4867,22
4868,35
4869,35
4870,35
4871,19
4872,35
4873,35
4874,35
4875,35
4876,35
4877,35
4878,35
4879,52
4880,35
4881,35
4882,35
4883,35
4884,35
4885,35
4886,35
4887,35
4888,35
4889,35
4890,35
4891,35
4892,35
4893,35
4894,35
4895,35
4896,15
4897,21
4898,35
4899,35
4900,35
4901,35
4902,35
4903,35
4904,35
4905,35
4906,35
4907,35
4908,36
4909,36
4910,36
4911,36
4912,36
4913,36
4914,36
4915,36
4916,36
4917,36
4918,36
4919,36
4920,36
4921,36
4922,36
4923,36
4924,36
4925,36
4926,36
4927,36
4928,36
4929,36
4930,36
4931,36
4932,36
4933,36
4934,36
4935,3
4936,36
4937,36
4938,36
4939,36
4940,3
4941,36
4942,36
4943,36
4944,36
4945,36
4946,36
4947,36
4948,36
4949,36
4950,36
4951,3
4952,36
4953,36
4954,36
4955,36
4956,36
4957,36
4958,36
4959,36
4960,36
4961,36
4962,36
4963,36
4964,36
4965,36
4966,3
4967,38
4968,36
4969,36
4970,36
4971,36
4972,36
4973,36
4974,36
4975,36
4976,36
4977,36
4978,36
4979,36
4980,36
4981,36
4982,36
4983,36
4984,36
4985,36
4986,36
4987,36
4988,36
4989,36
4990,36
4991,38
4992,36
4993,36
4994,36
4995,36
4996,36
4997,36
4998,36
4999,36
5000,36
5001,36
5002,36
5003,36
5004,36
5005,36
5006,36
5007,36
5008,36
5009,36
5010,36
5011,36
5012,36
5013,36
5014,36
5015,5
5016,38
5017,36
5018,36
5019,36
5020,36
5021,36
5022,36
5023,36
5024,36
5025,36
5026,36
5027,36
5028,36
5029,36
5030,36
5031,36
5032,36
5033,36
5034,36
5035,36
5036,36
5037,36
5038,36
5039,36
5040,36
5041,36
5042,36
5043,36
5044,36
5045,36
5046,36
5047,36
5048,36
5049,36
5050,36
5051,36
5052,36
5053,36
5054,36
5055,36
5056,36
5057,36
5058,36
5059,36
5060,36
5061,36
5062,36
5063,36
5064,36
5065,38
5066,36
5067,36
5068,36
5069,36
5070,36
5071,36
5072,0
5073,37
5074,37
5075,37
5076,0
5077,37
5078,37
5079,37
5080,4
5081,37
5082,55
5083,37
5084,37
5085,37
5086,37
5087,37
5088,37
5089,37
5090,35
5091,37
5092,37
5093,4
5094,54
5095,50
5096,37
5097,37
5098,37
5099,37
5100,37
5101,37
5102,37
5103,37
5104,0
5105,24
5106,37
5107,37
5108,37
5109,37
5110,22
5111,37
5112,37
5113,37
5114,37
5115,37
5116,37
5117,37
5118,37
5119,37
5120,37
5121,37
5122,37
5123,37
5124,37
5125,37
5126,37
5127,35
5128,37
5129,37
5130,37
5131,35
5132,52
5133,37
5134,37
5135,37
5136,37
5137,37
5138,37
5139,36
5140,37
5141,4
5142,37
5143,37
5144,37
5145,37
5146,50
5147,37
5148,37
5149,26
5150,37
5151,37
5152,37
5153,37
5154,37
5155,37
5156,37
5157,37
5158,37
5159,37
5160,52
5161,4
5162,37
5163,37
5164,37
5165,37
5166,63
5167,37
5168,54
5169,37
5170,37
5171,35
5172,52
5173,37
5174,57
5175,37
5176,37
5177,37
5178,37
5179,37
5180,37
5181,37
5182,37
5183,37
5184,37
5185,52
5186,37
5187,37
5188,26
5189,37
5190,37
5191,50
5192,37
5193,37
5194,0
5195,37
5196,37
5197,37
5198,37
5199,37
5200,37
5201,37
5202,37
5203,0
5204,11
5205,37
5206,37
5207,37
5208,37
5209,4
5210,37
5211,37
5212,37
5213,37
5214,37
5215,4
5216,4
5217,37
5218,35
5219,37
5220,35
5221,54
5222,37
5223,4
5224,37
5225,37
5226,4
5227,4
5228,37
5229,37
5230,37
5231,37
5232,37
5233,37
5234,54
5235,37
5236,38
5237,38
5238,38
5239,38
5240,38
5241,38
5242,38
5243,38
5244,38
5245,38
5246,38
5247,38
5248,38
5249,38
5250,38
5251,38
5252,38
5253,38
5254,38
5255,38
5256,36
5257,38
5258,38
5259,38
5260,38
5261,38
5262,38
5263,38
5264,38
5265,38
5266,38
5267,38
5268,38
5269,38
5270,38
5271,38
5272,38
5273,38
5274,38
5275,38
5276,38
5277,38
5278,38
5279,38
5280,38
5281,38
5282,38
5283,38
5284,38
5285,38
5286,38
5287,38
5288,38
5289,38
5290,38
5291,38
5292,38
5293,38
5294,38
5295,38
5296,38
5297,38
5298,38
5299,38
5300,38
5301,38
5302,38
5303,38
5304,38
5305,38
5306,38
5307,38
5308,38
5309,38
5310,38
5311,38
5312,38
5313,38
5314,38
5315,38
5316,38
5317,38
5318,38
5319,38
5320,38
5321,38
5322,38
5323,38
5324,38
5325,38
5326,38
5327,38
5328,38
5329,38
5330,38
5331,38
5332,38
5333,38
5334,38
5335,38
5336,38
5337,38
5338,38
5339,38
5340,38
5341,38
5342,62
5343,38
5344,38
5345,36
5346,60
5347,38
5348,38
5349,38
5350,38
5351,38
5352,38
5353,38
5354,38
5355,38
5356,38
5357,38
5358,38
5359,38
5360,38
5361,58
5362,38
5363,38
5364,38
5365,7
5366,38
5367,38
5368,38
5369,38
5370,38
5371,38
5372,38
5373,38
5374,38
5375,38
5376,38
5377,38
5378,38
5379,38
5380,38
5381,38
5382,38
5383,7
5384,38
5385,38
5386,38
5387,38
5388,38
5389,38
5390,38
5391,38
5392,38
5393,38
5394,38
5395,38
5396,38
5397,38
5398,38
5399,38
5400,39
5401,39
5402,39
5403,39
5404,39
5405,39
5406,39
5407,39
5408,39
5409,60
5410,39
5411,39
5412,39
5413,39
5414,29
5415,39
5416,39
5417,39
5418,39
5419,39
5420,39
5421,39
5422,39
5423,39
5424,39
5425,39
5426,39
5427,39
5428,14
5429,39
5430,39
5431,39
5432,39
5433,39
5434,39
5435,39
5436,39
5437,39
5438,39
5439,39
5440,39
5441,39
5442,39
5443,39
5444,39
5445,39
5446,39
5447,39
5448,39
5449,39
5450,39
5451,39
5452,39
5453,39
5454,39
5455,39
5456,39
5457,39
5458,39
5459,39
5460,39
5461,39
5462,39
5463,39
5464,39
5465,39
5466,39
5467,39
5468,39
5469,39
5470,39
5471,39
5472,39
5473,39
5474,39
5475,39
5476,39
5477,39
5478,39
5479,39
5480,39
5481,39
5482,39
5483,39
5484,39
5485,39
5486,60
5487,39
5488,39
5489,39
5490,39
5491,39
5492,39
5493,39
5494,39
5495,39
5496,39
5497,39
5498,39
5499,39
5500,39
5501,39
5502,39
5503,39
5504,39
5505,39
5506,39
5507,39
5508,39
5509,39
5510,39
5511,39
5512,14
5513,39
5514,39
5515,29
5516,39
5517,39
5518,39
5519,39
5520,39
5521,39
5522,39
5523,39
5524,39
5525,39
5526,39
5527,39
5528,39
5529,39
5530,39
5531,39
5532,39
5533,14
5534,39
5535,39
5536,39
5537,39
5538,39
5539,39
5540,39
5541,39
5542,39
5543,39
5544,39
5545,39
5546,39
5547,39
5548,39
5549,39
5550,39
5551,29
5552,39
5553,39
5554,39
5555,39
5556,39
5557,29
5558,39
5559,31
5560,39
5561,39
5562,59
5563,4
5564,4
5565,4
5566,4
5567,0
5568,50
5569,4
5570,4
5571,44
5572,4
5573,4
5574,4
5575,4
5576,4
5577,4
5578,4
5579,4
5580,4
5581,4
5582,4
5583,4
5584,4
5585,4
5586,4
5587,59
5588,4
5589,4
5590,4
5591,4
5592,4
5593,4
5594,4
5595,59
5596,0
5597,4
5598,57
5599,4
5600,4
5601,4
5602,4
5603,4
5604,4
5605,44
5606,4
5607,4
5608,56
5609,4
5610,4
5611,4
5612,4
5613,4
5614,4
5615,4
5616,4
5617,0
5618,4
5619,4
5620,20
5621,4
5622,4
5623,4
5624,57
5625,44
5626,4
5627,4
5628,4
5629,4
5630,4
5631,57
5632,4
5633,4
5634,4
5635,4
5636,4
5637,4
5638,4
5639,4
5640,20
5641,4
5642,4
5643,4
5644,4
5645,4
5646,4
5647,4
5648,4
5649,4
5650,4
5651,4
5652,13
5653,4
5654,4
5655,4
5656,4
5657,54
5658,4
5659,4
5660,4
5661,4
5662,4
5663,4
5664,4
5665,4
5666,4
5667,4
5668,0
5669,4
5670,4
5671,50
5672,50
5673,4
5674,4
5675,4
5676,4
5677,4
5678,0
5679,4
5680,4
5681,50
5682,27
5683,4
5684,4
5685,4
5686,4
5687,4
5688,4
5689,4
5690,4
5691,54
5692,0
5693,4
5694,4
5695,4
5696,4
5697,4
5698,4
5699,4
5700,59
5701,4
5702,4
5703,4
5704,4
5705,4
5706,4
5707,0
5708,4
5709,0
5710,4
5711,4
5712,4
5713,4
5714,4
5715,4
5716,4
5717,52
5718,4
5719,0
5720,4
5721,4
5722,4
5723,0
5724,50
5725,52
5726,40
5727,40
5728,40
5729,40
5730,40
5731,40
5732,40
5733,40
5734,40
5735,1
5736,40
5737,40
5738,40
5739,40
5740,40
5741,40
5742,40
5743,40
5744,40
5745,40
5746,40
5747,59
5748,40
5749,40
5750,40
5751,40
5752,40
5753,40
5754,40
5755,40
5756,40
5757,40
5758,40
5759,40
5760,40
5761,40
5762,40
5763,40
5764,40
5765,40
5766,40
5767,40
5768,52
5769,40
5770,40
5771,40
5772,40
5773,40
5774,40
5775,40
5776,40
5777,40
5778,40
5779,40
5780,40
5781,40
5782,40
5783,40
5784,40
5785,40
5786,40
5787,40
5788,40
5789,40
5790,40
5791,40
5792,40
5793,40
5794,40
5795,40
5796,40
5797,40
5798,40
5799,13
5800,40
5801,27
5802,40
5803,40
5804,40
5805,40
5806,40
5807,40
5808,40
5809,40
5810,40
5811,40
5812,40
5813,40
5814,40
5815,40
5816,40
5817,40
5818,52
5819,33
5820,40
5821,40
5822,40
5823,40
5824,40
5825,40
5826,40
5827,40
5828,40
5829,40
5830,40
5831,40
5832,40
5833,40
5834,40
5835,40
5836,40
5837,40
5838,40
5839,16
5840,40
5841,40
5842,40
5843,40
5844,40
5845,40
5846,40
5847,40
5848,40
5849,40
5850,40
5851,40
5852,40
5853,13
5854,28
5855,40
5856,40
5857,40
5858,40
5859,40
5860,40
5861,40
5862,40
5863,40
5864,40
5865,40
5866,40
5867,40
5868,40
5869,40
5870,40
5871,40
5872,40
5873,40
5874,40
5875,40
5876,40
5877,40
5878,40
5879,40
5880,40
5881,40
5882,40
5883,40
5884,40
5885,40
5886,27
5887,40
5888,45
5889,41
5890,41
5891,41
5892,29
5893,21
5894,41
5895,41
5896,41
5897,41
5898,41
5899,41
5900,41
5901,41
5902,41
5903,41
5904,41
5905,41
5906,41
5907,41
5908,41
5909,41
5910,41
5911,41
5912,29
5913,41
5914,41
5915,41
5916,41
5917,41
5918,41
5919,41
5920,41
5921,41
5922,41
5923,41
5924,41
5925,41
5926,41
5927,41
5928,41
5929,41
5930,41
5931,41
5932,41
5933,41
5934,41
5935,41
5936,41
5937,41
5938,41
5939,41
5940,41
5941,41
5942,41
5943,41
5944,41
5945,41
5946,41
5947,41
5948,41
5949,14
5950,41
5951,41
5952,41
5953,41
5954,41
5955,55
5956,41
5957,41
5958,41
5959,41
5960,41
5961,41
5962,41
5963,41
5964,39
5965,41
5966,41
5967,41
5968,41
5969,41
5970,41
5971,41
5972,41
5973,41
5974,41
5975,39
5976,45
5977,41
5978,41
5979,41
5980,41
5981,41
5982,1
5983,41
5984,41
5985,41
5986,41
5987,34
5988,41
5989,41
5990,41
5991,41
5992,41
5993,41
5994,41
5995,41
5996,18
5997,41
5998,41
5999,41
6000,41
6001,41
6002,41
6003,41
6004,41
6005,41
6006,41
6007,41
6008,41
6009,41
6010,41
6011,41
6012,41
6013,41
6014,41
6015,39
6016,41
6017,41
6018,41
6019,41
6020,41
6021,41
6022,41
6023,41
6024,41
6025,41
6026,41
6027,41
6028,41
6029,41
6030,41
6031,41
6032,41
6033,41
6034,41
6035,41
6036,41
6037,41
6038,41
6039,41
6040,41
6041,41
6042,41
6043,41
6044,41
6045,41
6046,41
6047,41
6048,41
6049,41
6050,41
6051,41
6052,42
6053,42
6054,15
6055,42
6056,42
6057,42
6058,15
6059,42
6060,42
6061,42
6062,15
6063,42
6064,42
6065,42
6066,26
6067,42
6068,39
6069,42
6070,42
6071,42
6072,42
6073,42
6074,42
6075,18
6076,42
6077,42
6078,15
6079,42
6080,42
6081,45
6082,42
6083,19
6084,42
6085,42
6086,42
6087,42
6088,42
6089,42
6090,15
6091,42
6092,42
6093,42
6094,42
6095,42
6096,42
6097,42
6098,42
6099,42
6100,60
6101,15
6102,42
6103,42
6104,42
6105,42
6106,42
6107,42
6108,15
6109,42
6110,42
6111,42
6112,42
6113,42
6114,42
6115,42
6116,42
6117,42
6118,45
6119,42
6120,42
6121,42
6122,42
6123,42
6124,42
6125,42
6126,42
6127,42
6128,42
6129,42
6130,44
6131,42
6132,42
6133,42
6134,42
6135,42
6136,42
6137,42
6138,42
6139,42
6140,42
6141,42
6142,42
6143,42
6144,42
6145,42
6146,42
6147,42
6148,42
6149,15
6150,42
6151,45
6152,42
6153,42
6154,42
6155,42
6156,42
6157,45
6158,42
6159,42
6160,42
6161,42
6162,42
6163,42
6164,42
6165,42
6166,42
6167,14
6168,42
6169,42
6170,42
6171,42
6172,42
6173,42
6174,42
6175,42
6176,44
6177,42
6178,42
6179,42
6180,42
6181,42
6182,42
6183,42
6184,42
6185,15
6186,42
6187,45
6188,15
6189,42
6190,42
6191,42
6192,42
6193,15
6194,42
6195,42
6196,45
6197,42
6198,42
6199,42
6200,42
6201,42
6202,42
6203,42
6204,42
6205,42
6206,42
6207,42
6208,42
6209,42
6210,15
6211,42
6212,42
6213,39
6214,43
6215,43
6216,43
6217,43
6218,43
6219,43
6220,43
6221,43
6222,43
6223,43
6224,43
6225,43
6226,43
6227,43
6228,43
6229,43
6230,43
6231,43
6232,43
6233,43
6234,43
6235,43
6236,43
6237,43
6238,43
6239,43
6240,43
6241,43
6242,43
6243,44
6244,43
6245,43
6246,43
6247,43
6248,43
6249,17
6250,43
6251,43
6252,43
6253,43
6254,43
6255,43
6256,43
6257,44
6258,43
6259,43
6260,43
6261,43
6262,43
6263,44
6264,43
6265,43
6266,43
6267,43
6268,43
6269,43
6270,43
6271,36
6272,43
6273,43
6274,43
6275,43
6276,43
6277,54
6278,44
6279,43
6280,43
6281,43
6282,51
6283,43
6284,43
6285,43
6286,43
6287,44
6288,43
6289,43
6290,43
6291,43
6292,43
6293,43
6294,43
6295,43
6296,43
6297,1
6298,43
6299,43
6300,43
6301,43
6302,44
6303,43
6304,3
6305,43
6306,43
6307,43
6308,43
6309,43
6310,43
6311,43
6312,43
6313,43
6314,43
6315,43
6316,45
6317,43
6318,43
6319,43
6320,43
6321,43
6322,44
6323,43
6324,43
6325,43
6326,49
6327,43
6328,43
6329,43
6330,43
6331,43
6332,43
6333,43
6334,43
6335,45
6336,43
6337,43
6338,43
6339,43
6340,43
6341,43
6342,17
6343,43
6344,44
6345,43
6346,43
6347,43
6348,43
6349,43
6350,43
6351,43
6352,43
6353,43
6354,43
6355,43
6356,43
6357,43
6358,43
6359,43
6360,44
6361,43
6362,43
6363,43
6364,43
6365,43
6366,43
6367,50
6368,16
6369,43
6370,43
6371,43
6372,43
6373,43
6374,43
6375,43
6376,43
6377,43
6378,44
6379,44
6380,44
6381,44
6382,4
6383,44
6384,44
6385,44
6386,44
6387,44
6388,44
6389,17
6390,44
6391,44
6392,43
6393,44
6394,4
6395,44
6396,44
6397,44
6398,44
6399,44
6400,44
6401,44
6402,44
6403,17
6404,43
6405,44
6406,44
6407,44
6408,44
6409,44
6410,44
6411,44
6412,44
6413,44
6414,44
6415,44
6416,44
6417,44
6418,4
6419,44
6420,44
6421,44
6422,44
6423,4
6424,44
6425,44
6426,43
6427,44
6428,44
6429,44
6430,44
6431,44
6432,43
6433,44
6434,44
6435,44
6436,44
6437,44
6438,44
6439,44
6440,44
6441,15
6442,44
6443,43
6444,17
6445,44
6446,44
6447,44
6448,44
6449,44
6450,44
6451,43
6452,44
6453,44
6454,44
6455,44
6456,44
6457,44
6458,44
6459,44
6460,4
6461,44
6462,44
6463,44
6464,17
6465,16
6466,44
6467,44
6468,44
6469,44
6470,44
6471,44
6472,44
6473,44
6474,44
6475,43
6476,44
6477,44
6478,44
6479,44
6480,44
6481,44
6482,44
6483,44
6484,44
6485,44
6486,44
6487,44
6488,44
6489,44
6490,44
6491,44
6492,44
6493,17
6494,44
6495,44
6496,43
6497,35
6498,44
6499,44
6500,44
6501,44
6502,44
6503,44
6504,44
6505,44
6506,44
6507,44
6508,44
6509,44
6510,44
6511,44
6512,28
6513,44
6514,44
6515,44
6516,44
6517,44
6518,44
6519,44
6520,44
6521,43
6522,44
6523,44
6524,44
6525,44
6526,44
6527,44
6528,44
6529,44
6530,44
6531,43
6532,44
6533,44
6534,44
6535,44
6536,44
6537,44
6538,44
6539,44
6540,44
6541,44
6542,45
6543,45
6544,45
6545,45
6546,45
6547,45
6548,45
6549,45
6550,45
6551,45
6552,45
6553,45
6554,45
6555,45
6556,45
6557,18
6558,45
6559,45
6560,42
6561,35
6562,45
6563,42
6564,45
6565,45
6566,45
6567,45
6568,43
6569,45
6570,45
6571,29
6572,45
6573,45
6574,45
6575,45
6576,45
6577,45
6578,45
6579,45
6580,45
6581,45
6582,45
6583,45
6584,45
6585,45
6586,45
6587,45
6588,45
6589,45
6590,45
6591,45
6592,45
6593,45
6594,45
6595,45
6596,45
6597,45
6598,18
6599,45
6600,45
6601,45
6602,45
6603,45
6604,45
6605,45
6606,45
6607,42
6608,45
6609,45
6610,45
6611,45
6612,45
6613,42
6614,45
6615,45
6616,45
6617,45
6618,45
6619,42
6620,45
6621,45
6622,45
6623,45
6624,45
6625,45
6626,45
6627,18
6628,41
6629,45
6630,45
6631,18
6632,45
6633,45
6634,51
6635,45
6636,45
6637,45
6638,45
6639,45
6640,45
6641,45
6642,18
6643,45
6644,45
6645,42
6646,45
6647,18
6648,45
6649,45
6650,45
6651,45
6652,45
6653,45
6654,45
6655,45
6656,45
6657,45
6658,18
6659,45
6660,21
6661,18
6662,45
6663,45
6664,45
6665,45
6666,45
6667,45
6668,45
6669,45
6670,45
6671,45
6672,45
6673,45
6674,45
6675,35
6676,45
6677,45
6678,45
6679,45
6680,45
6681,45
6682,45
6683,45
6684,45
6685,45
6686,45
6687,45
6688,45
6689,45
6690,45
6691,45
6692,45
6693,45
6694,45
6695,45
6696,45
6697,45
6698,45
6699,45
6700,45
6701,45
6702,45
6703,45
6704,46
6705,46
6706,46
6707,46
6708,46
6709,46
6710,46
6711,53
6712,46
6713,46
6714,46
6715,46
6716,46
6717,46
6718,46
6719,46
6720,46
6721,46
6722,46
6723,46
6724,46
6725,46
6726,46
6727,46
6728,46
6729,46
6730,46
6731,46
6732,46
6733,46
6734,46
6735,46
6736,46
6737,46
6738,46
6739,46
6740,46
6741,46
6742,46
6743,46
6744,46
6745,46
6746,46
6747,46
6748,46
6749,46
6750,46
6751,46
6752,46
6753,46
6754,46
6755,46
6756,46
6757,46
6758,46
6759,46
6760,46
6761,46
6762,46
6763,46
6764,46
6765,46
6766,46
6767,46
6768,46
6769,46
6770,13
6771,46
6772,46
6773,46
6774,46
6775,46
6776,46
6777,46
6778,33
6779,46
6780,46
6781,46
6782,46
6783,46
6784,46
6785,46
6786,46
6787,46
6788,46
6789,46
6790,46
6791,46
6792,46
6793,46
6794,46
6795,46
6796,46
6797,46
6798,46
6799,46
6800,46
6801,46
6802,46
6803,46
6804,46
6805,46
6806,46
6807,46
6808,47
6809,33
6810,46
6811,46
6812,46
6813,46
6814,46
6815,46
6816,46
6817,46
6818,46
6819,46
6820,38
6821,46
6822,46
6823,46
6824,46
6825,46
6826,46
6827,46
6828,13
6829,46
6830,46
6831,46
6832,46
6833,46
6834,46
6835,46
6836,38
6837,46
6838,40
6839,46
6840,46
6841,46
6842,46
6843,11
6844,46
6845,46
6846,46
6847,46
6848,46
6849,46
6850,26
6851,46
6852,46
6853,46
6854,46
6855,46
6856,46
6857,46
6858,46
6859,46
6860,46
6861,46
6862,46
6863,46
6864,46
6865,46
6866,31
6867,46
6868,47
6869,47
6870,47
6871,47
6872,47
6873,47
6874,47
6875,47
6876,47
6877,31
6878,14
6879,7
6880,47
6881,47
6882,47
6883,47
6884,47
6885,47
6886,47
6887,47
6888,47
6889,31
6890,47
6891,31
6892,47
6893,47
6894,47
6895,47
6896,47
6897,47
6898,14
6899,47
6900,47
6901,8
6902,47
6903,47
6904,47
6905,8
6906,47
6907,47
6908,47
6909,47
6910,47
6911,47
6912,47
6913,47
6914,47
6915,47
6916,14
6917,47
6918,47
6919,9
6920,47
6921,14
6922,47
6923,47
6924,47
6925,47
6926,47
6927,47
6928,8
6929,47
6930,47
6931,47
6932,47
6933,47
6934,47
6935,60
6936,47
6937,47
6938,47
6939,47
6940,47
6941,47
6942,14
6943,47
6944,14
6945,47
6946,47
6947,31
6948,47
6949,47
6950,47
6951,47
6952,47
6953,47
6954,47
6955,47
6956,47
6957,47
6958,47
6959,8
6960,47
6961,47
6962,47
6963,47
6964,47
6965,47
6966,47
6967,47
6968,47
6969,47
6970,47
6971,47
6972,47
6973,47
6974,47
6975,47
6976,47
6977,31
6978,47
6979,47
6980,47
6981,47
6982,47
6983,47
6984,47
6985,47
6986,31
6987,47
6988,31
6989,31
6990,31
6991,60
6992,47
6993,47
6994,47
6995,47
6996,47
6997,47
6998,47
6999,47
7000,47
7001,47
7002,46
7003,31
7004,31
7005,47
7006,47
7007,47
7008,47
7009,47
7010,47
7011,47
7012,47
7013,47
7014,47
7015,47
7016,47
7017,8
7018,8
7019,47
7020,8
7021,47
7022,47
7023,47
7024,47
7025,47
7026,47
7027,47
7028,47
7029,47
7030,47
7031,47
7032,48
7033,48
7034,48
7035,48
7036,51
7037,48
7038,48
7039,48
7040,48
7041,48
7042,48
7043,48
7044,35
7045,48
7046,48
7047,48
7048,48
7049,52
7050,50
7051,48
7052,48
7053,48
7054,48
7055,48
7056,48
7057,48
7058,48
7059,19
7060,48
7061,35
7062,48
7063,48
7064,48
7065,48
7066,48
7067,48
7068,48
7069,35
7070,48
7071,48
7072,48
7073,48
7074,48
7075,48
7076,48
7077,19
7078,48
7079,48
7080,48
7081,48
7082,48
7083,52
7084,48
7085,48
7086,48
7087,48
7088,48
7089,48
7090,35
7091,22
7092,48
7093,52
7094,48
7095,48
7096,52
7097,51
7098,52
7099,48
7100,48
7101,48
7102,48
7103,48
7104,48
7105,48
7106,48
7107,48
7108,48
7109,48
7110,48
7111,48
7112,48
7113,48
7114,48
7115,48
7116,48
7117,48
7118,9
7119,48
7120,48
7121,35
7122,48
7123,48
7124,48
7125,48
7126,48
7127,48
7128,48
7129,50
7130,48
7131,48
7132,52
7133,48
7134,48
7135,48
7136,48
7137,48
7138,48
7139,48
7140,48
7141,48
7142,35
7143,48
7144,48
7145,48
7146,48
7147,48
7148,48
7149,48
7150,48
7151,48
7152,48
7153,48
7154,48
7155,52
7156,35
7157,48
7158,48
7159,48
7160,48
7161,48
7162,48
7163,48
7164,48
7165,35
7166,48
7167,48
7168,48
7169,48
7170,48
7171,48
7172,52
7173,48
7174,48
7175,48
7176,19
7177,48
7178,48
7179,48
7180,48
7181,48
7182,35
7183,48
7184,48
7185,48
7186,48
7187,48
7188,48
7189,48
7190,48
7191,48
7192,48
7193,52
7194,48
7195,48
7196,49
7197,49
7198,49
7199,49
7200,53
7201,49
7202,49
7203,49
7204,49
7205,49
7206,49
7207,49
7208,49
7209,49
7210,50
7211,49
7212,49
7213,53
7214,49
7215,53
7216,49
7217,49
7218,49
7219,49
7220,56
7221,49
7222,49
7223,49
7224,49
7225,49
7226,49
7227,49
7228,49
7229,49
7230,49
7231,49
7232,49
7233,53
7234,49
7235,49
7236,49
7237,49
7238,49
7239,49
7240,49
7241,49
7242,49
7243,49
7244,49
7245,49
7246,49
7247,49
7248,49
7249,49
7250,49
7251,49
7252,49
7253,49
7254,49
7255,49
7256,49
7257,49
7258,49
7259,49
7260,49
7261,49
7262,49
7263,49
7264,49
7265,49
7266,49
7267,49
7268,50
7269,49
7270,49
7271,49
7272,49
7273,49
7274,49
7275,49
7276,53
7277,49
7278,49
7279,49
7280,49
7281,49
7282,49
7283,49
7284,49
7285,49
7286,50
7287,49
7288,49
7289,49
7290,49
7291,49
7292,49
7293,49
7294,49
7295,49
7296,49
7297,49
7298,49
7299,49
7300,49
7301,49
7302,49
7303,49
7304,49
7305,49
7306,49
7307,49
7308,49
7309,49
7310,49
7311,49
7312,49
7313,49
7314,49
7315,49
7316,49
7317,49
7318,49
7319,50
7320,49
7321,49
7322,49
7323,49
7324,49
7325,49
7326,49
7327,49
7328,49
7329,49
7330,49
7331,49
7332,49
7333,49
7334,49
7335,49
7336,49
7337,53
7338,49
7339,49
7340,49
7341,49
7342,49
7343,49
7344,49
7345,49
7346,49
7347,49
7348,49
7349,49
7350,49
7351,49
7352,49
7353,49
7354,49
7355,49
7356,49
7357,49
7358,49
7359,49
7360,5
7361,5
7362,5
7363,5
7364,5
7365,5
7366,5
7367,5
7368,5
7369,5
7370,5
7371,5
7372,25
7373,5
7374,5
7375,5
7376,5
7377,5
7378,5
7379,5
7380,5
7381,5
7382,5
7383,5
7384,5
7385,5
7386,5
7387,5
7388,5
7389,5
7390,5
7391,5
7392,5
7393,5
7394,5
7395,5
7396,5
7397,5
7398,5
7399,5
7400,5
7401,5
7402,5
7403,5
7404,5
7405,5
7406,5
7407,5
7408,5
7409,5
7410,5
7411,5
7412,5
7413,5
7414,5
7415,5
7416,5
7417,5
7418,5
7419,5
7420,5
7421,5
7422,5
7423,5
7424,5
7425,5
7426,5
7427,5
7428,5
7429,5
7430,5
7431,5
7432,5
7433,5
7434,5
7435,5
7436,5
7437,5
7438,5
7439,5
7440,6
7441,5
7442,5
7443,5
7444,5
7445,5
7446,5
7447,5
7448,5
7449,5
7450,5
7451,5
7452,5
7453,5
7454,5
7455,5
7456,5
7457,5
7458,5
7459,5
7460,5
7461,5
7462,5
7463,25
7464,5
7465,5
7466,5
7467,5
7468,5
7469,5
7470,5
7471,41
7472,5
7473,5
7474,5
7475,5
7476,5
7477,5
7478,5
7479,5
7480,5
7481,5
7482,5
7483,5
7484,5
7485,5
7486,5
7487,5
7488,5
7489,5
7490,5
7491,5
7492,5
7493,5
7494,5
7495,5
7496,5
7497,5
7498,5
7499,5
7500,5
7501,5
7502,5
7503,5
7504,5
7505,5
7506,5
7507,5
7508,5
7509,5
7510,5
7511,3
7512,5
7513,5
7514,5
7515,5
7516,5
7517,5
7518,5
7519,3
7520,5
7521,5
7522,5
7523,5
7524,50
7525,50
7526,54
7527,50
7528,50
7529,50
7530,50
7531,50
7532,50
7533,50
7534,50
7535,50
7536,50
7537,4
7538,4
7539,54
7540,50
7541,50
7542,37
7543,50
7544,50
7545,50
7546,50
7547,50
7548,50
7549,50
7550,54
7551,50
7552,50
7553,50
7554,50
7555,50
7556,50
7557,50
7558,50
7559,50
7560,54
7561,50
7562,50
7563,50
7564,50
7565,50
7566,50
7567,50
7568,50
7569,50
7570,50
7571,50
7572,50
7573,50
7574,50
7575,50
7576,50
7577,50
7578,50
7579,50
7580,50
7581,50
7582,50
7583,50
7584,50
7585,0
7586,49
7587,50
7588,49
7589,50
7590,50
7591,50
7592,50
7593,50
7594,50
7595,50
7596,50
7597,50
7598,50
7599,50
7600,37
7601,50
7602,50
7603,50
7604,50
7605,50
7606,48
7607,50
7608,50
7609,4
7610,50
7611,50
7612,50
7613,50
7614,53
7615,50
7616,50
7617,50
7618,50
7619,50
7620,50
7621,50
7622,50
7623,50
7624,50
7625,50
7626,50
7627,50
7628,50
7629,50
7630,50
7631,50
7632,50
7633,50
7634,50
7635,50
7636,50
7637,50
7638,49
7639,50
7640,50
7641,50
7642,50
7643,50
7644,50
7645,50
7646,50
7647,50
7648,50
7649,50
7650,50
7651,50
7652,24
7653,50
7654,50
7655,50
7656,50
7657,50
7658,56
7659,50
7660,50
7661,50
7662,50
7663,24
7664,50
7665,50
7666,50
7667,50
7668,50
7669,50
7670,50
7671,50
7672,50
7673,50
7674,50
7675,4
7676,50
7677,50
7678,50
7679,54
7680,50
7681,50
7682,50
7683,50
7684,50
7685,50
7686,50
7687,50
7688,51
7689,48
7690,51
7691,51
7692,51
7693,51
7694,51
7695,55
7696,48
7697,14
7698,51
7699,51
7700,51
7701,51
7702,51
7703,51
7704,51
7705,51
7706,51
7707,51
7708,45
7709,51
7710,51
7711,51
7712,51
7713,51
7714,51
7715,51
7716,51
7717,51
7718,51
7719,51
7720,51
7721,51
7722,51
7723,51
7724,51
7725,51
7726,51
7727,51
7728,51
7729,48
7730,51
7731,51
7732,51
7733,51
7734,55
7735,51
7736,51
7737,51
7738,51
7739,51
7740,51
7741,49
7742,51
7743,51
7744,51
7745,51
7746,48
7747,51
7748,51
7749,55
7750,51
7751,51
7752,51
7753,51
7754,51
7755,49
7756,51
7757,51
7758,51
7759,51
7760,51
7761,51
7762,51
7763,51
7764,51
7765,51
7766,51
7767,51
7768,55
7769,51
7770,51
7771,51
7772,35
7773,51
7774,51
7775,51
7776,51
7777,51
7778,51
7779,48
7780,51
7781,51
7782,51
7783,51
7784,51
7785,51
7786,51
7787,51
7788,51
7789,51
7790,51
7791,51
7792,51
7793,51
7794,51
7795,51
7796,51
7797,51
7798,51
7799,51
7800,51
7801,51
7802,51
7803,51
7804,51
7805,51
7806,51
7807,51
7808,51
7809,51
7810,51
7811,51
7812,51
7813,51
7814,51
7815,51
7816,51
7817,51
7818,51
7819,51
7820,51
7821,51
7822,51
7823,51
7824,51
7825,51
7826,51
7827,51
7828,51
7829,51
7830,48
7831,51
7832,51
7833,51
7834,51
7835,51
7836,51
7837,51
7838,51
7839,51
7840,51
7841,51
7842,51
7843,48
7844,51
7845,51
7846,55
7847,51
7848,51
7849,51
7850,51
7851,51
7852,52
7853,52
7854,52
7855,52
7856,52
7857,54
7858,52
7859,52
7860,52
7861,52
7862,52
7863,52
7864,52
7865,52
7866,52
7867,52
7868,52
7869,52
7870,52
7871,52
7872,52
7873,52
7874,52
7875,52
7876,52
7877,24
7878,52
7879,52
7880,52
7881,52
7882,52
7883,9
7884,52
7885,52
7886,55
7887,52
7888,52
7889,52
7890,52
7891,52
7892,52
7893,52
7894,52
7895,54
7896,52
7897,52
7898,52
7899,52
7900,52
7901,1
7902,52
7903,52
7904,52
7905,52
7906,54
7907,52
7908,52
7909,52
7910,52
7911,52
7912,52
7913,52
7914,52
7915,52
7916,52
7917,52
7918,54
7919,52
7920,54
7921,52
7922,52
7923,52
7924,52
7925,52
7926,52
7927,52
7928,52
7929,52
7930,52
7931,52
7932,52
7933,52
7934,52
7935,52
7936,52
7937,55
7938,52
7939,52
7940,52
7941,52
7942,52
7943,52
7944,52
7945,52
7946,35
7947,52
7948,52
7949,52
7950,52
7951,52
7952,52
7953,52
7954,52
7955,52
7956,52
7957,52
7958,52
7959,52
7960,52
7961,52
7962,52
7963,52
7964,52
7965,52
7966,52
7967,52
7968,52
7969,52
7970,52
7971,52
7972,52
7973,52
7974,52
7975,52
7976,52
7977,52
7978,52
7979,52
7980,52
7981,52
7982,52
7983,52
7984,52
7985,52
7986,52
7987,52
7988,52
7989,52
7990,52
7991,52
7992,52
7993,52
7994,52
7995,52
7996,52
7997,52
7998,52
7999,52
8000,55
8001,55
8002,52
8003,52
8004,52
8005,52
8006,52
8007,52
8008,52
8009,52
8010,52
8011,52
8012,52
8013,54
8014,52
8015,52
8016,53
8017,53
8018,53
8019,54
8020,53
8021,53
8022,53
8023,53
8024,53
8025,55
8026,53
8027,53
8028,53
8029,53
8030,53
8031,53
8032,53
8033,53
8034,53
8035,53
8036,53
8037,53
8038,53
8039,53
8040,53
8041,53
8042,53
8043,53
8044,53
8045,53
8046,53
8047,53
8048,53
8049,53
8050,53
8051,53
8052,53
8053,53
8054,53
8055,53
8056,53
8057,53
8058,53
8059,53
8060,53
8061,53
8062,53
8063,53
8064,53
8065,53
8066,10
8067,53
8068,53
8069,53
8070,54
8071,53
8072,53
8073,53
8074,53
8075,53
8076,53
8077,53
8078,53
8079,53
8080,53
8081,55
8082,53
8083,53
8084,53
8085,53
8086,53
8087,53
8088,53
8089,53
8090,53
8091,53
8092,53
8093,53
8094,53
8095,53
8096,53
8097,53
8098,53
8099,53
8100,53
8101,53
8102,53
8103,53
8104,53
8105,53
8106,53
8107,53
8108,53
8109,55
8110,53
8111,53
8112,53
8113,53
8114,53
8115,53
8116,54
8117,53
8118,53
8119,53
8120,53
8121,53
8122,53
8123,53
8124,53
8125,53
8126,53
8127,53
8128,53
8129,54
8130,53
8131,53
8132,53
8133,53
8134,53
8135,53
8136,53
8137,53
8138,53
8139,53
8140,53
8141,53
8142,53
8143,53
8144,53
8145,53
8146,53
8147,53
8148,53
8149,53
8150,53
8151,53
8152,53
8153,53
8154,53
8155,53
8156,53
8157,53
8158,53
8159,53
8160,53
8161,53
8162,55
8163,53
8164,53
8165,53
8166,53
8167,53
8168,53
8169,53
8170,53
8171,53
8172,53
8173,53
8174,53
8175,53
8176,53
8177,53
8178,53
8179,53
8180,54
8181,54
8182,54
8183,54
8184,54
8185,54
8186,54
8187,54
8188,54
8189,54
8190,54
8191,52
8192,52
8193,54
8194,54
8195,54
8196,52
8197,54
8198,54
8199,54
8200,54
8201,54
8202,54
8203,54
8204,54
8205,54
8206,54
8207,54
8208,54
8209,54
8210,54
8211,54
8212,54
8213,54
8214,54
8215,54
8216,54
8217,54
8218,54
8219,54
8220,54
8221,54
8222,54
8223,54
8224,54
8225,54
8226,54
8227,54
8228,54
8229,54
8230,54
8231,54
8232,54
8233,54
8234,54
8235,52
8236,54
8237,54
8238,54
8239,54
8240,54
8241,54
8242,54
8243,54
8244,54
8245,54
8246,54
8247,54
8248,54
8249,54
8250,54
8251,54
8252,54
8253,52
8254,54
8255,54
8256,54
8257,54
8258,54
8259,54
8260,54
8261,54
8262,54
8263,54
8264,54
8265,54
8266,54
8267,54
8268,54
8269,54
8270,54
8271,54
8272,54
8273,54
8274,54
8275,54
8276,54
8277,54
8278,54
8279,54
8280,54
8281,54
8282,54
8283,54
8284,54
8285,54
8286,54
8287,54
8288,54
8289,54
8290,54
8291,54
8292,54
8293,54
8294,54
8295,54
8296,54
8297,54
8298,54
8299,54
8300,54
8301,54
8302,54
8303,54
8304,35
8305,54
8306,54
8307,54
8308,54
8309,54
8310,54
8311,54
8312,54
8313,54
8314,54
8315,54
8316,54
8317,52
8318,54
8319,54
8320,54
8321,54
8322,54
8323,54
8324,54
8325,52
8326,54
8327,54
8328,54
8329,54
8330,54
8331,54
8332,54
8333,54
8334,54
8335,54
8336,54
8337,54
8338,54
8339,52
8340,54
8341,54
8342,54
8343,54
8344,55
8345,55
8346,55
8347,55
8348,55
8349,55
8350,55
8351,55
8352,55
8353,55
8354,55
8355,55
8356,55
8357,55
8358,1
8359,55
8360,55
8361,55
8362,52
8363,55
8364,55
8365,55
8366,55
8367,55
8368,52
8369,55
8370,52
8371,55
8372,55
8373,55
8374,55
8375,55
8376,53
8377,55
8378,21
8379,55
8380,55
8381,55
8382,55
8383,55
8384,55
8385,55
8386,55
8387,55
8388,1
8389,55
8390,55
8391,55
8392,55
8393,55
8394,55
8395,55
8396,55
8397,55
8398,55
8399,55
8400,55
8401,55
8402,55
8403,55
8404,55
8405,55
8406,55
8407,55
8408,55
8409,55
8410,55
8411,55
8412,55
8413,55
8414,55
8415,55
8416,55
8417,55
8418,53
8419,55
8420,55
8421,55
8422,55
8423,55
8424,55
8425,64
8426,55
8427,55
8428,55
8429,55
8430,55
8431,55
8432,55
8433,55
8434,55
8435,51
8436,55
8437,55
8438,55
8439,55
8440,55
8441,55
8442,55
8443,55
8444,55
8445,55
8446,55
8447,55
8448,55
8449,55
8450,55
8451,62
8452,55
8453,55
8454,62
8455,55
8456,55
8457,55
8458,55
8459,55
8460,55
8461,53
8462,55
8463,55
8464,55
8465,55
8466,53
8467,55
8468,55
8469,55
8470,55
8471,55
8472,55
8473,55
8474,55
8475,55
8476,55
8477,55
8478,55
8479,55
8480,55
8481,1
8482,55
8483,55
8484,55
8485,55
8486,55
8487,53
8488,53
8489,51
8490,52
8491,55
8492,55
8493,55
8494,55
8495,55
8496,55
8497,55
8498,55
8499,55
8500,55
8501,55
8502,55
8503,55
8504,55
8505,55
8506,55
8507,55
8508,56
8509,56
8510,56
8511,56
8512,56
8513,56
8514,56
8515,13
8516,56
8517,56
8518,57
8519,57
8520,56
8521,56
8522,57
8523,56
8524,57
8525,56
8526,56
8527,57
8528,56
8529,56
8530,56
8531,57
8532,56
8533,57
8534,56
8535,56
8536,57
8537,56
8538,56
8539,57
8540,56
8541,57
8542,57
8543,56
8544,56
8545,57
8546,56
8547,56
8548,57
8549,56
8550,56
8551,56
8552,56
8553,56
8554,56
8555,57
8556,56
8557,57
8558,57
8559,56
8560,56
8561,57
8562,56
8563,56
8564,56
8565,57
8566,56
8567,56
8568,56
8569,56
8570,56
8571,56
8572,56
8573,27
8574,56
8575,56
8576,56
8577,57
8578,57
8579,56
8580,56
8581,57
8582,56
8583,56
8584,56
8585,57
8586,56
8587,56
8588,57
8589,56
8590,56
8591,56
8592,57
8593,56
8594,56
8595,56
8596,56
8597,56
8598,57
8599,57
8600,4
8601,56
8602,57
8603,56
8604,43
8605,4
8606,56
8607,56
8608,56
8609,17
8610,57
8611,56
8612,56
8613,56
8614,57
8615,56
8616,27
8617,57
8618,57
8619,56
8620,56
8621,56
8622,57
8623,56
8624,57
8625,56
8626,56
8627,56
8628,57
8629,57
8630,57
8631,20
8632,57
8633,56
8634,57
8635,56
8636,56
8637,57
8638,56
8639,57
8640,56
8641,56
8642,56
8643,56
8644,57
8645,56
8646,56
8647,56
8648,56
8649,57
8650,56
8651,56
8652,56
8653,57
8654,57
8655,56
8656,13
8657,56
8658,56
8659,56
8660,56
8661,57
8662,56
8663,56
8664,56
8665,57
8666,56
8667,57
8668,57
8669,56
8670,56
8671,56
8672,56
8673,57
8674,57
8675,57
8676,57
8677,57
8678,56
8679,57
8680,56
8681,57
8682,13
8683,57
8684,56
8685,56
8686,56
8687,57
8688,56
8689,57
8690,57
8691,57
8692,57
8693,57
8694,57
8695,57
8696,56
8697,57
8698,56
8699,57
8700,57
8701,56
8702,57
8703,56
8704,56
8705,57
8706,57
8707,33
8708,57
8709,56
8710,57
8711,56
8712,57
8713,56
8714,57
8715,57
8716,57
8717,56
8718,56
8719,57
8720,56
8721,57
8722,57
8723,57
8724,56
8725,56
8726,57
8727,57
8728,57
8729,57
8730,57
8731,57
8732,56
8733,56
8734,57
8735,57
8736,57
8737,56
8738,57
8739,57
8740,56
8741,57
8742,57
8743,56
8744,57
8745,57
8746,57
8747,57
8748,57
8749,57
8750,57
8751,57
8752,50
8753,57
8754,57
8755,56
8756,57
8757,56
8758,57
8759,57
8760,57
8761,56
8762,57
8763,57
8764,56
8765,57
8766,57
8767,57
8768,57
8769,56
8770,56
8771,57
8772,57
8773,57
8774,57
8775,56
8776,57
8777,57
8778,57
8779,57
8780,56
8781,57
8782,57
8783,57
8784,56
8785,57
8786,0
8787,58
8788,56
8789,56
8790,57
8791,57
8792,57
8793,56
8794,56
8795,56
8796,57
8797,57
8798,57
8799,57
8800,57
8801,57
8802,56
8803,33
8804,57
8805,57
8806,57
8807,57
8808,57
8809,56
8810,56
8811,57
8812,57
8813,56
8814,57
8815,56
8816,57
8817,57
8818,56
8819,57
8820,56
8821,57
8822,57
8823,57
8824,57
8825,56
8826,57
8827,57
8828,57
8829,56
8830,3
8831,56
8832,56
8833,57
8834,57
8835,57
8836,58
8837,58
8838,58
8839,58
8840,58
8841,58
8842,58
8843,58
8844,58
8845,13
8846,57
8847,56
8848,58
8849,58
8850,58
8851,58
8852,58
8853,58
8854,58
8855,19
8856,58
8857,58
8858,58
8859,58
8860,58
8861,58
8862,58
8863,58
8864,58
8865,58
8866,58
8867,58
8868,58
8869,58
8870,58
8871,58
8872,58
8873,58
8874,58
8875,19
8876,58
8877,58
8878,58
8879,58
8880,58
8881,58
8882,58
8883,58
8884,58
8885,58
8886,58
8887,58
8888,58
8889,58
8890,58
8891,58
8892,58
8893,58
8894,58
8895,58
8896,58
8897,58
8898,58
8899,58
8900,58
8901,19
8902,58
8903,58
8904,58
8905,58
8906,58
8907,58
8908,58
8909,58
8910,58
8911,58
8912,58
8913,58
8914,58
8915,44
8916,58
8917,58
8918,58
8919,58
8920,58
8921,58
8922,58
8923,58
8924,58
8925,26
8926,58
8927,58
8928,58
8929,58
8930,58
8931,58
8932,19
8933,58
8934,50
8935,58
8936,58
8937,58
8938,58
8939,58
8940,58
8941,58
8942,58
8943,58
8944,58
8945,58
8946,58
8947,58
8948,58
8949,58
8950,58
8951,58
8952,58
8953,58
8954,58
8955,58
8956,56
8957,19
8958,58
8959,58
8960,58
8961,51
8962,58
8963,58
8964,58
8965,58
8966,58
8967,58
8968,58
8969,58
8970,58
8971,58
8972,58
8973,58
8974,58
8975,58
8976,58
8977,58
8978,58
8979,8
8980,56
8981,58
8982,58
8983,58
8984,56
8985,58
8986,58
8987,58
8988,58
8989,58
8990,58
8991,58
8992,58
8993,58
8994,58
8995,58
8996,58
8997,58
8998,58
8999,58
9000,59
9001,59
9002,4
9003,59
9004,4
9005,49
9006,59
9007,59
9008,36
9009,7
9010,59
9011,59
9012,59
9013,59
9014,59
9015,59
9016,59
9017,59
9018,59
9019,59
9020,59
9021,59
9022,59
9023,59
9024,59
9025,46
9026,59
9027,36
9028,59
9029,59
9030,59
9031,59
9032,59
9033,59
9034,59
9035,59
9036,59
9037,59
9038,59
9039,59
9040,59
9041,59
9042,59
9043,59
9044,59
9045,59
9046,59
9047,59
9048,59
9049,59
9050,59
9051,59
9052,59
9053,59
9054,59
9055,59
9056,59
9057,59
9058,60
9059,59
9060,60
9061,4
9062,59
9063,59
9064,4
9065,4
9066,59
9067,59
9068,59
9069,59
9070,59
9071,59
9072,60
9073,59
9074,59
9075,59
9076,59
9077,59
9078,2
9079,59
9080,59
9081,59
9082,46
9083,59
9084,59
9085,59
9086,59
9087,7
9088,46
9089,59
9090,59
9091,59
9092,59
9093,59
9094,59
9095,59
9096,59
9097,59
9098,59
9099,59
9100,59
9101,59
9102,59
9103,59
9104,59
9105,59
9106,59
9107,59
9108,59
9109,59
9110,59
9111,59
9112,59
9113,59
9114,59
9115,59
9116,59
9117,59
9118,37
9119,59
9120,59
9121,59
9122,59
9123,59
9124,59
9125,59
9126,59
9127,59
9128,59
9129,59
9130,59
9131,59
9132,59
9133,59
9134,59
9135,59
9136,59
9137,59
9138,59
9139,59
9140,59
9141,59
9142,59
9143,59
9144,59
9145,59
9146,59
9147,59
9148,59
9149,59
9150,59
9151,59
9152,59
9153,59
9154,59
9155,59
9156,46
9157,4
9158,59
9159,59
9160,59
9161,60
9162,59
9163,59
9164,6
9165,6
9166,6
9167,6
9168,6
9169,5
9170,6
9171,6
9172,6
9173,6
9174,6
9175,6
9176,6
9177,6
9178,6
9179,6
9180,6
9181,6
9182,6
9183,6
9184,6
9185,6
9186,6
9187,6
9188,6
9189,6
9190,6
9191,6
9192,6
9193,6
9194,6
9195,6
9196,6
9197,6
9198,6
9199,6
9200,6
9201,6
9202,6
9203,6
9204,6
9205,6
9206,6
9207,6
9208,6
9209,6
9210,6
9211,6
9212,6
9213,6
9214,6
9215,6
9216,6
9217,6
9218,6
9219,6
9220,6
9221,6
9222,6
9223,6
9224,6
9225,6
9226,6
9227,6
9228,6
9229,6
9230,6
9231,6
9232,6
9233,6
9234,6
9235,6
9236,6
9237,6
9238,6
9239,6
9240,6
9241,6
9242,6
9243,6
9244,6
9245,6
9246,6
9247,6
9248,6
9249,6
9250,6
9251,6
9252,6
9253,6
9254,6
9255,6
9256,6
9257,6
9258,6
9259,6
9260,6
9261,6
9262,6
9263,25
9264,6
9265,6
9266,6
9267,6
9268,6
9269,6
9270,6
9271,6
9272,6
9273,6
9274,6
9275,6
9276,6
9277,6
9278,6
9279,6
9280,6
9281,6
9282,6
9283,6
9284,6
9285,6
9286,6
9287,6
9288,6
9289,6
9290,6
9291,6
9292,6
9293,6
9294,6
9295,6
9296,6
9297,6
9298,6
9299,6
9300,6
9301,6
9302,6
9303,6
9304,6
9305,6
9306,6
9307,6
9308,6
9309,6
9310,6
9311,6
9312,6
9313,6
9314,6
9315,6
9316,6
9317,6
9318,6
9319,6
9320,6
9321,6
9322,6
9323,6
9324,6
9325,6
9326,6
9327,6
9328,60
9329,60
9330,60
9331,15
9332,60
9333,60
9334,60
9335,60
9336,60
9337,60
9338,59
9339,59
9340,60
9341,60
9342,60
9343,60
9344,60
9345,59
9346,21
9347,60
9348,15
9349,60
9350,60
9351,60
9352,60
9353,60
9354,60
9355,60
9356,60
9357,60
9358,60
9359,60
9360,60
9361,60
9362,2
9363,60
9364,60
9365,60
9366,14
9367,60
9368,60
9369,60
9370,60
9371,60
9372,60
9373,60
9374,60
9375,60
9376,60
9377,60
9378,60
9379,60
9380,60
9381,60
9382,60
9383,60
9384,60
9385,60
9386,60
9387,60
9388,60
9389,60
9390,60
9391,60
9392,60
9393,60
9394,60
9395,60
9396,8
9397,60
9398,60
9399,60
9400,60
9401,60
9402,60
9403,60
9404,60
9405,60
9406,60
9407,60
9408,60
9409,60
9410,60
9411,60
9412,60
9413,60
9414,60
9415,60
9416,60
9417,60
9418,60
9419,60
9420,60
9421,15
9422,60
9423,60
9424,60
9425,60
9426,60
9427,60
9428,60
9429,60
9430,60
9431,60
9432,60
9433,42
9434,60
9435,60
9436,60
9437,60
9438,60
9439,60
9440,60
9441,60
9442,26
9443,60
9444,60
9445,60
9446,60
9447,60
9448,45
9449,60
9450,60
9451,60
9452,60
9453,60
9454,60
9455,4
9456,46
9457,60
9458,60
9459,59
9460,60
9461,42
9462,60
9463,60
9464,8
9465,60
9466,60
9467,60
9468,60
9469,60
9470,60
9471,60
9472,60
9473,60
9474,60
9475,60
9476,60
9477,60
9478,60
9479,60
9480,60
9481,60
9482,60
9483,60
9484,60
9485,15
9486,60
9487,60
9488,60
9489,60
9490,60
9491,59
9492,61
9493,61
9494,61
9495,61
9496,61
9497,61
9498,61
9499,61
9500,61
9501,61
9502,61
9503,61
9504,61
9505,61
9506,61
9507,61
9508,61
9509,12
9510,61
9511,61
9512,61
9513,61
9514,61
9515,61
9516,61
9517,61
9518,61
9519,61
9520,61
9521,61
9522,61
9523,61
9524,61
9525,61
9526,61
9527,61
9528,61
9529,61
9530,61
9531,61
9532,61
9533,61
9534,61
9535,61
9536,9
9537,61
9538,61
9539,61
9540,9
9541,61
9542,61
9543,40
9544,61
9545,61
9546,61
9547,61
9548,61
9549,61
9550,61
9551,61
9552,61
9553,61
9554,61
9555,61
9556,61
9557,61
9558,61
9559,61
9560,61
9561,61
9562,9
9563,61
9564,61
9565,9
9566,61
9567,61
9568,61
9569,61
9570,61
9571,61
9572,61
9573,61
9574,61
9575,61
9576,61
9577,61
9578,61
9579,61
9580,61
9581,61
9582,61
9583,61
9584,61
9585,9
9586,61
9587,61
9588,61
9589,61
9590,61
9591,61
9592,61
9593,61
9594,61
9595,61
9596,61
9597,61
9598,52
9599,61
9600,61
9601,9
9602,61
9603,61
9604,61
9605,61
9606,61
9607,61
9608,61
9609,61
9610,61
9611,61
9612,61
9613,61
9614,61
9615,61
9616,61
9617,61
9618,61
9619,61
9620,61
9621,61
9622,61
9623,61
9624,61
9625,61
9626,61
9627,61
9628,61
9629,61
9630,61
9631,61
9632,19
9633,39
9634,61
9635,61
9636,61
9637,61
9638,61
9639,61
9640,61
9641,61
9642,61
9643,61
9644,61
9645,61
9646,61
9647,61
9648,61
9649,61
9650,61
9651,61
9652,61
9653,61
9654,61
9655,61
9656,62
9657,62
9658,62
9659,62
9660,62
9661,64
9662,64
9663,62
9664,62
9665,62
9666,62
9667,62
9668,62
9669,62
9670,62
9671,1
9672,62
9673,62
9674,62
9675,62
9676,64
9677,62
9678,62
9679,10
9680,62
9681,62
9682,62
9683,62
9684,62
9685,62
9686,62
9687,64
9688,62
9689,62
9690,62
9691,62
9692,62
9693,62
9694,62
9695,62
9696,62
9697,62
9698,62
9699,62
9700,62
9701,62
9702,62
9703,62
9704,62
9705,62
9706,62
9707,62
9708,64
9709,62
9710,62
9711,62
9712,62
9713,62
9714,62
9715,62
9716,64
9717,62
9718,62
9719,62
9720,62
9721,62
9722,62
9723,64
9724,62
9725,62
9726,62
9727,62
9728,62
9729,62
9730,62
9731,62
9732,62
9733,62
9734,62
9735,62
9736,62
9737,62
9738,62
9739,62
9740,62
9741,62
9742,62
9743,62
9744,62
9745,62
9746,64
9747,62
9748,62
9749,62
9750,62
9751,62
9752,62
9753,62
9754,62
9755,62
9756,62
9757,62
9758,62
9759,62
9760,62
9761,62
9762,62
9763,62
9764,62
9765,62
9766,62
9767,62
9768,62
9769,62
9770,62
9771,62
9772,62
9773,62
9774,62
9775,62
9776,62
9777,62
9778,62
9779,62
9780,62
9781,62
9782,62
9783,62
9784,62
9785,62
9786,62
9787,62
9788,62
9789,62
9790,64
9791,62
9792,62
9793,62
9794,64
9795,62
9796,4
9797,62
9798,62
9799,64
9800,62
9801,62
9802,62
9803,62
9804,62
9805,62
9806,62
9807,62
9808,62
9809,62
9810,62
9811,64
9812,62
9813,62
9814,62
9815,62
9816,62
9817,64
9818,62
9819,62
9820,63
9821,63
9822,63
9823,11
9824,63
9825,63
9826,33
9827,10
9828,63
9829,63
9830,63
9831,63
9832,63
9833,63
9834,63
9835,63
9836,11
9837,63
9838,63
9839,63
9840,63
9841,11
9842,63
9843,63
9844,63
9845,63
9846,52
9847,63
9848,63
9849,63
9850,11
9851,63
9852,63
9853,33
9854,10
9855,63
9856,63
9857,63
9858,63
9859,63
9860,11
9861,63
9862,11
9863,63
9864,63
9865,63
9866,63
9867,63
9868,63
9869,63
9870,63
9871,63
9872,63
9873,63
9874,63
9875,63
9876,63
9877,63
9878,63
9879,63
9880,63
9881,10
9882,63
9883,63
9884,63
9885,63
9886,63
9887,63
9888,63
9889,63
9890,63
9891,63
9892,63
9893,63
9894,63
9895,63
9896,63
9897,63
9898,24
9899,63
9900,11
9901,63
9902,63
9903,63
9904,63
9905,61
9906,63
9907,63
9908,63
9909,63
9910,11
9911,63
9912,63
9913,63
9914,52
9915,63
9916,63
9917,63
9918,63
9919,63
9920,63
9921,63
9922,63
9923,63
9924,63
9925,63
9926,63
9927,63
9928,63
9929,63
9930,63
9931,63
9932,63
9933,63
9934,63
9935,63
9936,63
9937,11
9938,63
9939,63
9940,63
9941,63
9942,33
9943,63
9944,63
9945,63
9946,63
9947,63
9948,61
9949,63
9950,63
9951,63
9952,63
9953,63
9954,63
9955,63
9956,63
9957,63
9958,63
9959,63
9960,61
9961,10
9962,61
9963,63
9964,63
9965,63
9966,63
9967,11
9968,63
9969,63
9970,63
9971,63
9972,63
9973,63
9974,63
9975,63
9976,63
9977,63
9978,63
9979,63
9980,11
9981,63
9982,63
9983,63
9984,64
9985,64
9986,64
9987,64
9988,64
9989,64
9990,64
9991,64
9992,64
9993,64
9994,64
9995,64
9996,64
9997,64
9998,64
9999,64
10000,64
10001,64
10002,64
10003,64
10004,64
10005,64
10006,64
10007,64
10008,64
10009,64
10010,64
10011,64
10012,64
10013,64
10014,64
10015,64
10016,64
10017,64
10018,62
10019,64
10020,64
10021,64
10022,51
10023,64
10024,64
10025,64
10026,64
10027,64
10028,64
10029,64
10030,64
10031,64
10032,64
10033,64
10034,64
10035,64
10036,62
10037,64
10038,64
10039,64
10040,64
10041,64
10042,64
10043,64
10044,62
10045,64
10046,64
10047,62
10048,64
10049,64
10050,64
10051,64
10052,64
10053,64
10054,64
10055,62
10056,64
10057,64
10058,64
10059,62
10060,64
10061,64
10062,64
10063,64
10064,64
10065,64
10066,64
10067,64
10068,64
10069,64
10070,62
10071,64
10072,64
10073,64
10074,64
10075,36
10076,64
10077,64
10078,64
10079,64
10080,64
10081,64
10082,64
10083,64
10084,64
10085,62
10086,21
10087,64
10088,64
10089,64
10090,62
10091,62
10092,64
10093,64
10094,64
10095,64
10096,64
10097,64
10098,64
10099,64
10100,64
10101,7
10102,64
10103,26
10104,64
10105,64
10106,64
10107,62
10108,64
10109,64
10110,64
10111,64
10112,62
10113,64
10114,64
10115,64
10116,62
10117,21
10118,62
10119,62
10120,64
10121,64
10122,64
10123,64
10124,64
10125,64
10126,64
10127,64
10128,64
10129,64
10130,64
10131,64
10132,64
10133,2
10134,64
10135,64
10136,64
10137,62
10138,64
10139,64
10140,64
10141,64
10142,64
10143,64
10144,64
10145,64
10146,64
10147,64
10148,7
10149,7
10150,7
10151,7
10152,7
10153,7
10154,7
10155,7
10156,7
10157,7
10158,7
10159,7
10160,7
10161,7
10162,7
10163,7
10164,7
10165,7
10166,7
10167,7
10168,7
10169,7
10170,7
10171,7
10172,7
10173,7
10174,7
10175,8
10176,7
10177,7
10178,7
10179,7
10180,7
10181,7
10182,7
10183,7
10184,7
10185,7
10186,7
10187,7
10188,8
10189,7
10190,7
10191,8
10192,7
10193,7
10194,7
10195,7
10196,7
10197,7
10198,7
10199,7
10200,21
10201,7
10202,7
10203,7
10204,7
10205,7
10206,7
10207,7
10208,60
10209,7
10210,7
10211,7
10212,7
10213,8
10214,7
10215,7
10216,7
10217,7
10218,7
10219,7
10220,7
10221,7
10222,7
10223,7
10224,7
10225,38
10226,7
10227,7
10228,7
10229,7
10230,7
10231,7
10232,7
10233,7
10234,7
10235,7
10236,7
10237,7
10238,7
10239,7
10240,7
10241,7
10242,8
10243,7
10244,7
10245,7
10246,7
10247,7
10248,7
10249,7
10250,38
10251,7
10252,7
10253,7
10254,7
10255,7
10256,7
10257,7
10258,7
10259,7
10260,7
10261,7
10262,8
10263,7
10264,7
10265,7
10266,7
10267,7
10268,8
10269,7
10270,7
10271,7
10272,7
10273,7
10274,7
10275,7
10276,7
10277,7
10278,7
10279,7
10280,7
10281,7
10282,7
10283,21
10284,7
10285,7
10286,7
10287,7
10288,7
10289,7
10290,7
10291,7
10292,7
10293,7
10294,7
10295,7
10296,7
10297,7
10298,7
10299,7
10300,7
10301,7
10302,7
10303,7
10304,7
10305,7
10306,60
10307,7
10308,7
10309,7
10310,7
10311,7
10312,8
10313,8
10314,8
10315,8
10316,8
10317,8
10318,8
10319,8
10320,8
10321,8
10322,8
10323,8
10324,8
10325,8
10326,8
10327,8
10328,8
10329,8
10330,8
10331,8
10332,8
10333,8
10334,8
10335,8
10336,8
10337,8
10338,7
10339,8
10340,8
10341,8
10342,8
10343,8
10344,8
10345,8
10346,8
10347,8
10348,8
10349,8
10350,8
10351,8
10352,8
10353,8
10354,8
10355,8
10356,6
10357,8
10358,8
10359,8
10360,8
10361,8
10362,8
10363,8
10364,8
10365,8
10366,8
10367,8
10368,8
10369,8
10370,8
10371,8
10372,8
10373,8
10374,8
10375,8
10376,8
10377,8
10378,8
10379,8
10380,8
10381,8
10382,8
10383,8
10384,8
10385,8
10386,8
10387,8
10388,8
10389,8
10390,8
10391,60
10392,8
10393,8
10394,8
10395,8
10396,8
10397,8
10398,8
10399,7
10400,8
10401,8
10402,8
10403,8
10404,8
10405,8
10406,8
10407,8
10408,8
10409,8
10410,8
10411,8
10412,8
10413,8
10414,8
10415,8
10416,8
10417,8
10418,8
10419,8
10420,8
10421,8
10422,8
10423,8
10424,8
10425,8
10426,8
10427,8
10428,8
10429,8
10430,8
10431,8
10432,8
10433,8
10434,8
10435,7
10436,8
10437,8
10438,8
10439,8
10440,8
10441,8
10442,8
10443,8
10444,8
10445,8
10446,8
10447,8
10448,8
10449,8
10450,8
10451,8
10452,8
10453,47
10454,8
10455,8
10456,8
10457,8
10458,8
10459,8
10460,8
10461,8
10462,8
10463,8
10464,8
10465,8
10466,8
10467,8
10468,8
10469,8
10470,8
10471,8
10472,8
10473,8
10474,8
10475,8
10476,9
10477,9
10478,9
10479,9
10480,9
10481,61
10482,9
10483,22
10484,9
10485,9
10486,61
10487,9
10488,9
10489,9
10490,9
10491,9
10492,22
10493,9
10494,9
10495,9
10496,9
10497,9
10498,9
10499,9
10500,9
10501,9
10502,9
10503,9
10504,9
10505,9
10506,9
10507,22
10508,9
10509,9
10510,9
10511,9
10512,9
10513,61
10514,9
10515,9
10516,9
10517,9
10518,11
10519,9
10520,9
10521,9
10522,9
10523,9
10524,9
10525,9
10526,9
10527,9
10528,9
10529,9
10530,9
10531,9
10532,22
10533,22
10534,9
10535,9
10536,61
10537,61
10538,9
10539,9
10540,9
10541,9
10542,9
10543,9
10544,9
10545,9
10546,9
10547,9
10548,61
10549,9
10550,9
10551,42
10552,9
10553,9
10554,9
10555,9
10556,61
10557,9
10558,22
10559,9
10560,61
10561,9
10562,22
10563,9
10564,9
10565,9
10566,9
10567,9
10568,9
10569,9
10570,9
10571,9
10572,9
10573,9
10574,9
10575,9
10576,9
10577,9
10578,9
10579,9
10580,9
10581,9
10582,9
10583,9
10584,61
10585,9
10586,9
10587,61
10588,9
10589,61
10590,9
10591,9
10592,9
10593,11
10594,9
10595,9
10596,9
10597,61
10598,61
10599,9
10600,9
10601,61
10602,9
10603,9
10604,9
10605,9
10606,9
10607,9
10608,9
10609,61
10610,9
10611,9
10612,61
10613,9
10614,22
10615,9
10616,9
10617,9
10618,9
10619,9
10620,9
10621,9
10622,9
10623,9
10624,9
10625,9
10626,9
10627,9
10628,9
10629,9
10630,9
10631,9
10632,9
10633,61
10634,9
10635,9
10636,9
10637,9
10638,9
10639,9
